ISO-10303-21;
HEADER;
FILE_DESCRIPTION(('ViewDefinition [CoordinationView]'),'2;1');
FILE_NAME('','2026-08-28T12:11:16',(''),(''),'IfcOpenShell 0.8.5-1c5b825','IfcOpenShell 0.8.5-1c5b825','');
FILE_SCHEMA(('IFC4'));
ENDSEC;
DATA;
#1=IFCSIUNIT(*,.LENGTHUNIT.,$,.METRE.);
#2=IFCUNITASSIGNMENT((#1));
#3=IFCCARTESIANPOINT((0.,0.,0.));
#4=IFCAXIS2PLACEMENT3D(#3,$,$);
#5=IFCGEOMETRICREPRESENTATIONCONTEXT($,'Model',3,1.0000000000000001E-05,#4,$);
#6=IFCPROJECT('0ur8K09a07pBhbM62DEKlw',$,'p065-monument-derivation',$,$,$,$,(#5),#2);
#7=IFCSITE('0NXzs0EvYTzRcgXAHQML9r',$,'p065-monument-derivation-site',$,$,$,$,$,$,$,$,$,$,$);
#8=IFCBUILDING('3AOtjiYtKR1IoelfGuD05$',$,'monument-001',$,$,$,$,$,$,$,$,$);
#9=IFCRELAGGREGATES('0DXyR5I0Eios0mk_0mksyQ',$,$,$,#6,(#7));
#10=IFCRELAGGREGATES('3mu9Zbd40puzkAZbjzyRuP',$,$,$,#7,(#8));
#11=IFCCARTESIANPOINT((40.,38.));
#12=IFCAXIS2PLACEMENT2D(#11,$);
#13=IFCRECTANGLEPROFILEDEF(.AREA.,$,#12,2.,2.);
#14=IFCCARTESIANPOINT((0.,0.,70.));
#15=IFCAXIS2PLACEMENT3D(#14,$,$);
#16=IFCDIRECTION((0.,0.,1.));
#17=IFCEXTRUDEDAREASOLID(#13,#15,#16,3.);
#18=IFCDIRECTION((1.,-0.,0.));
#19=IFCDIRECTION((0.,1.,0.));
#20=IFCCARTESIANPOINT((0.,0.,0.));
#21=IFCDIRECTION((0.,0.,1.));
#22=IFCCARTESIANTRANSFORMATIONOPERATOR3D(#18,#19,#20,$,#21);
#23=IFCDIRECTION((0.98480775301220802,-0.17364817766693033,0.));
#24=IFCDIRECTION((0.17364817766693033,0.98480775301220802,0.));
#25=IFCCARTESIANPOINT((-6.2340168236363454,4.7448616495424218,0.));
#26=IFCDIRECTION((0.,0.,1.));
#27=IFCCARTESIANTRANSFORMATIONOPERATOR3D(#23,#24,#25,$,#26);
#28=IFCDIRECTION((0.93969262078590843,-0.34202014332566871,0.));
#29=IFCDIRECTION((0.34202014332566871,0.93969262078590843,0.));
#30=IFCCARTESIANPOINT((-11.549388345237212,10.500163849951527,0.));
#31=IFCDIRECTION((0.,0.,1.));
#32=IFCCARTESIANTRANSFORMATIONOPERATOR3D(#28,#29,#30,$,#31);
#33=IFCDIRECTION((0.86602540378443871,-0.49999999999999994,0.));
#34=IFCDIRECTION((0.49999999999999994,0.86602540378443871,0.));
#35=IFCCARTESIANPOINT((-15.784609690826528,17.091034656191326,0.));
#36=IFCDIRECTION((0.,0.,1.));
#37=IFCCARTESIANTRANSFORMATIONOPERATOR3D(#33,#34,#35,$,#36);
#38=IFCDIRECTION((0.76604444311897801,-0.64278760968653925,0.));
#39=IFCDIRECTION((0.64278760968653925,0.76604444311897801,0.));
#40=IFCCARTESIANPOINT((-18.810995802943964,24.317213793955776,0.));
#41=IFCDIRECTION((0.,0.,1.));
#42=IFCCARTESIANTRANSFORMATIONOPERATOR3D(#38,#39,#40,$,#41);
#43=IFCDIRECTION((0.64278760968653936,-0.76604444311897801,0.));
#44=IFCDIRECTION((0.76604444311897801,0.64278760968653936,0.));
#45=IFCCARTESIANPOINT((-20.536591470998111,31.959137466766979,0.));
#46=IFCDIRECTION((0.,0.,1.));
#47=IFCCARTESIANTRANSFORMATIONOPERATOR3D(#43,#44,#45,$,#46);
#48=IFCDIRECTION((0.50000000000000011,-0.8660254037844386,0.));
#49=IFCDIRECTION((0.8660254037844386,0.50000000000000011,0.));
#50=IFCCARTESIANPOINT((-20.908965343808674,39.784609690826528,0.));
#51=IFCDIRECTION((0.,0.,1.));
#52=IFCCARTESIANTRANSFORMATIONOPERATOR3D(#48,#49,#50,$,#51);
#53=IFCDIRECTION((0.34202014332566882,-0.93969262078590832,0.));
#54=IFCDIRECTION((0.93969262078590832,0.34202014332566882,0.));
#55=IFCCARTESIANPOINT((-19.916803029680565,47.555857452486386,0.));
#56=IFCDIRECTION((0.,0.,1.));
#57=IFCCARTESIANTRANSFORMATIONOPERATOR3D(#53,#54,#55,$,#56);
#58=IFCDIRECTION((0.17364817766693041,-0.98480775301220802,0.));
#59=IFCDIRECTION((0.98480775301220802,0.17364817766693041,0.));
#60=IFCCARTESIANPOINT((-17.590250878470236,55.036755320949638,0.));
#61=IFCDIRECTION((0.,0.,1.));
#62=IFCCARTESIANTRANSFORMATIONOPERATOR3D(#58,#59,#60,$,#61);
#63=IFCDIRECTION((6.123233995736766E-17,-1.,0.));
#64=IFCDIRECTION((1.,6.123233995736766E-17,0.));
#65=IFCCARTESIANPOINT((-14.,62.,0.));
#66=IFCDIRECTION((0.,0.,1.));
#67=IFCCARTESIANTRANSFORMATIONOPERATOR3D(#63,#64,#65,$,#66);
#68=IFCDIRECTION((-0.1736481776669303,-0.98480775301220802,0.));
#69=IFCDIRECTION((0.98480775301220802,-0.1736481776669303,0.));
#70=IFCCARTESIANPOINT((-9.2551383504575782,68.234016823636352,0.));
#71=IFCDIRECTION((0.,0.,1.));
#72=IFCCARTESIANTRANSFORMATIONOPERATOR3D(#68,#69,#70,$,#71);
#73=IFCDIRECTION((-0.34202014332566871,-0.93969262078590843,0.));
#74=IFCDIRECTION((0.93969262078590843,-0.34202014332566871,0.));
#75=IFCCARTESIANPOINT((-3.4998361500484734,73.549388345237219,0.));
#76=IFCDIRECTION((0.,0.,1.));
#77=IFCCARTESIANTRANSFORMATIONOPERATOR3D(#73,#74,#75,$,#76);
#78=IFCDIRECTION((-0.49999999999999978,-0.86602540378443871,0.));
#79=IFCDIRECTION((0.86602540378443871,-0.49999999999999978,0.));
#80=IFCCARTESIANPOINT((3.0910346561913187,77.784609690826528,0.));
#81=IFCDIRECTION((0.,0.,1.));
#82=IFCCARTESIANTRANSFORMATIONOPERATOR3D(#78,#79,#80,$,#81);
#83=IFCDIRECTION((-0.64278760968653936,-0.76604444311897801,0.));
#84=IFCDIRECTION((0.76604444311897801,-0.64278760968653936,0.));
#85=IFCCARTESIANPOINT((10.31721379395578,80.810995802943964,0.));
#86=IFCDIRECTION((0.,0.,1.));
#87=IFCCARTESIANTRANSFORMATIONOPERATOR3D(#83,#84,#85,$,#86);
#88=IFCDIRECTION((-0.7660444431189779,-0.64278760968653947,0.));
#89=IFCDIRECTION((0.64278760968653947,-0.7660444431189779,0.));
#90=IFCCARTESIANPOINT((17.959137466766968,82.536591470998104,0.));
#91=IFCDIRECTION((0.,0.,1.));
#92=IFCCARTESIANTRANSFORMATIONOPERATOR3D(#88,#89,#90,$,#91);
#93=IFCDIRECTION((-0.86602540378443871,-0.49999999999999994,0.));
#94=IFCDIRECTION((0.49999999999999994,-0.86602540378443871,0.));
#95=IFCCARTESIANPOINT((25.784609690826532,82.908965343808674,0.));
#96=IFCDIRECTION((0.,0.,1.));
#97=IFCCARTESIANTRANSFORMATIONOPERATOR3D(#93,#94,#95,$,#96);
#98=IFCDIRECTION((-0.93969262078590832,-0.34202014332566888,0.));
#99=IFCDIRECTION((0.34202014332566888,-0.93969262078590832,0.));
#100=IFCCARTESIANPOINT((33.555857452486379,81.916803029680565,0.));
#101=IFCDIRECTION((0.,0.,1.));
#102=IFCCARTESIANTRANSFORMATIONOPERATOR3D(#98,#99,#100,$,#101);
#103=IFCDIRECTION((-0.98480775301220802,-0.17364817766693028,0.));
#104=IFCDIRECTION((0.17364817766693028,-0.98480775301220802,0.));
#105=IFCCARTESIANPOINT((41.036755320949638,79.590250878470243,0.));
#106=IFCDIRECTION((0.,0.,1.));
#107=IFCCARTESIANTRANSFORMATIONOPERATOR3D(#103,#104,#105,$,#106);
#108=IFCDIRECTION((-1.,-1.2246467991473532E-16,0.));
#109=IFCDIRECTION((1.2246467991473532E-16,-1.,0.));
#110=IFCCARTESIANPOINT((48.,76.,0.));
#111=IFCDIRECTION((0.,0.,1.));
#112=IFCCARTESIANTRANSFORMATIONOPERATOR3D(#108,#109,#110,$,#111);
#113=IFCDIRECTION((-0.98480775301220802,0.17364817766693047,0.));
#114=IFCDIRECTION((-0.17364817766693047,-0.98480775301220802,0.));
#115=IFCCARTESIANPOINT((54.234016823636352,71.255138350457571,0.));
#116=IFCDIRECTION((0.,0.,1.));
#117=IFCCARTESIANTRANSFORMATIONOPERATOR3D(#113,#114,#115,$,#116);
#118=IFCDIRECTION((-0.93969262078590843,0.34202014332566866,0.));
#119=IFCDIRECTION((-0.34202014332566866,-0.93969262078590843,0.));
#120=IFCCARTESIANPOINT((59.549388345237212,65.49983615004848,0.));
#121=IFCDIRECTION((0.,0.,1.));
#122=IFCCARTESIANTRANSFORMATIONOPERATOR3D(#118,#119,#120,$,#121);
#123=IFCDIRECTION((-0.8660254037844386,0.50000000000000011,0.));
#124=IFCDIRECTION((-0.50000000000000011,-0.8660254037844386,0.));
#125=IFCCARTESIANPOINT((63.784609690826528,58.90896534380866,0.));
#126=IFCDIRECTION((0.,0.,1.));
#127=IFCCARTESIANTRANSFORMATIONOPERATOR3D(#123,#124,#125,$,#126);
#128=IFCDIRECTION((-0.76604444311897801,0.64278760968653925,0.));
#129=IFCDIRECTION((-0.64278760968653925,-0.76604444311897801,0.));
#130=IFCCARTESIANPOINT((66.810995802943964,51.682786206044227,0.));
#131=IFCDIRECTION((0.,0.,1.));
#132=IFCCARTESIANTRANSFORMATIONOPERATOR3D(#128,#129,#130,$,#131);
#133=IFCDIRECTION((-0.64278760968653947,0.7660444431189779,0.));
#134=IFCDIRECTION((-0.7660444431189779,-0.64278760968653947,0.));
#135=IFCCARTESIANPOINT((68.536591470998104,44.040862533233032,0.));
#136=IFCDIRECTION((0.,0.,1.));
#137=IFCCARTESIANTRANSFORMATIONOPERATOR3D(#133,#134,#135,$,#136);
#138=IFCDIRECTION((-0.50000000000000044,0.86602540378443849,0.));
#139=IFCDIRECTION((-0.86602540378443849,-0.50000000000000044,0.));
#140=IFCCARTESIANPOINT((68.908965343808674,36.215390309173493,0.));
#141=IFCDIRECTION((0.,0.,1.));
#142=IFCCARTESIANTRANSFORMATIONOPERATOR3D(#138,#139,#140,$,#141);
#143=IFCDIRECTION((-0.34202014332566855,0.93969262078590843,0.));
#144=IFCDIRECTION((-0.93969262078590843,-0.34202014332566855,0.));
#145=IFCCARTESIANPOINT((67.916803029680565,28.4441425475136,0.));
#146=IFCDIRECTION((0.,0.,1.));
#147=IFCCARTESIANTRANSFORMATIONOPERATOR3D(#143,#144,#145,$,#146);
#148=IFCDIRECTION((-0.17364817766693033,0.98480775301220802,0.));
#149=IFCDIRECTION((-0.98480775301220802,-0.17364817766693033,0.));
#150=IFCCARTESIANPOINT((65.590250878470243,20.963244679050362,0.));
#151=IFCDIRECTION((0.,0.,1.));
#152=IFCCARTESIANTRANSFORMATIONOPERATOR3D(#148,#149,#150,$,#151);
#153=IFCDIRECTION((-1.8369701987210297E-16,1.,0.));
#154=IFCDIRECTION((-1.,-1.8369701987210297E-16,0.));
#155=IFCCARTESIANPOINT((62.000000000000007,14.000000000000007,0.));
#156=IFCDIRECTION((0.,0.,1.));
#157=IFCCARTESIANTRANSFORMATIONOPERATOR3D(#153,#154,#155,$,#156);
#158=IFCDIRECTION((0.17364817766692997,0.98480775301220813,0.));
#159=IFCDIRECTION((-0.98480775301220813,0.17364817766692997,0.));
#160=IFCCARTESIANPOINT((57.255138350457585,7.7659831763636653,0.));
#161=IFCDIRECTION((0.,0.,1.));
#162=IFCCARTESIANTRANSFORMATIONOPERATOR3D(#158,#159,#160,$,#161);
#163=IFCDIRECTION((0.34202014332566899,0.93969262078590832,0.));
#164=IFCDIRECTION((-0.93969262078590832,0.34202014332566899,0.));
#165=IFCCARTESIANPOINT((51.499836150048459,2.4506116547627812,0.));
#166=IFCDIRECTION((0.,0.,1.));
#167=IFCCARTESIANTRANSFORMATIONOPERATOR3D(#163,#164,#165,$,#166);
#168=IFCDIRECTION((0.50000000000000011,0.8660254037844386,0.));
#169=IFCDIRECTION((-0.8660254037844386,0.50000000000000011,0.));
#170=IFCCARTESIANPOINT((44.90896534380866,-1.7846096908265281,0.));
#171=IFCDIRECTION((0.,0.,1.));
#172=IFCCARTESIANTRANSFORMATIONOPERATOR3D(#168,#169,#170,$,#171);
#173=IFCDIRECTION((0.64278760968653925,0.76604444311897812,0.));
#174=IFCDIRECTION((-0.76604444311897812,0.64278760968653925,0.));
#175=IFCCARTESIANPOINT((37.682786206044227,-4.8109958029439639,0.));
#176=IFCDIRECTION((0.,0.,1.));
#177=IFCCARTESIANTRANSFORMATIONOPERATOR3D(#173,#174,#175,$,#176);
#178=IFCDIRECTION((0.76604444311897779,0.64278760968653958,0.));
#179=IFCDIRECTION((-0.64278760968653958,0.76604444311897779,0.));
#180=IFCCARTESIANPOINT((30.040862533233039,-6.5365914709981041,0.));
#181=IFCDIRECTION((0.,0.,1.));
#182=IFCCARTESIANTRANSFORMATIONOPERATOR3D(#178,#179,#180,$,#181);
#183=IFCDIRECTION((0.86602540378443837,0.50000000000000044,0.));
#184=IFCDIRECTION((-0.50000000000000044,0.86602540378443837,0.));
#185=IFCCARTESIANPOINT((22.215390309173497,-6.9089653438086742,0.));
#186=IFCDIRECTION((0.,0.,1.));
#187=IFCCARTESIANTRANSFORMATIONOPERATOR3D(#183,#184,#185,$,#186);
#188=IFCDIRECTION((0.93969262078590843,0.3420201433256686,0.));
#189=IFCDIRECTION((-0.3420201433256686,0.93969262078590843,0.));
#190=IFCCARTESIANPOINT((14.444142547513605,-5.9168030296805654,0.));
#191=IFCDIRECTION((0.,0.,1.));
#192=IFCCARTESIANTRANSFORMATIONOPERATOR3D(#188,#189,#190,$,#191);
#193=IFCDIRECTION((0.98480775301220802,0.17364817766693039,0.));
#194=IFCDIRECTION((-0.17364817766693039,0.98480775301220802,0.));
#195=IFCCARTESIANPOINT((6.9632446790503622,-3.5902508784702363,0.));
#196=IFCDIRECTION((0.,0.,1.));
#197=IFCCARTESIANTRANSFORMATIONOPERATOR3D(#193,#194,#195,$,#196);
#198=IFCCARTESIANPOINT((11.699999999999999,7.5));
#199=IFCAXIS2PLACEMENT2D(#198,$);
#200=IFCRECTANGLEPROFILEDEF(.AREA.,$,#199,1.3999999999999999,13.);
#201=IFCCARTESIANPOINT((0.,0.,73.));
#202=IFCAXIS2PLACEMENT3D(#201,$,$);
#203=IFCDIRECTION((0.,0.,1.));
#204=IFCEXTRUDEDAREASOLID(#200,#202,#203,1.2);
#205=IFCCARTESIANPOINT((0.,0.,0.));
#206=IFCCARTESIANTRANSFORMATIONOPERATOR3D($,$,#205,$,$);
#207=IFCCARTESIANPOINT((3.2999999999999998,0.,0.));
#208=IFCCARTESIANTRANSFORMATIONOPERATOR3D($,$,#207,$,$);
#209=IFCCARTESIANPOINT((6.5999999999999996,0.,0.));
#210=IFCCARTESIANTRANSFORMATIONOPERATOR3D($,$,#209,$,$);
#211=IFCCARTESIANPOINT((9.8999999999999986,0.,0.));
#212=IFCCARTESIANTRANSFORMATIONOPERATOR3D($,$,#211,$,$);
#213=IFCCARTESIANPOINT((13.199999999999999,0.,0.));
#214=IFCCARTESIANTRANSFORMATIONOPERATOR3D($,$,#213,$,$);
#215=IFCCARTESIANPOINT((16.5,0.,0.));
#216=IFCCARTESIANTRANSFORMATIONOPERATOR3D($,$,#215,$,$);
#217=IFCCARTESIANPOINT((19.799999999999997,0.,0.));
#218=IFCCARTESIANTRANSFORMATIONOPERATOR3D($,$,#217,$,$);
#219=IFCCARTESIANPOINT((23.099999999999998,0.,0.));
#220=IFCCARTESIANTRANSFORMATIONOPERATOR3D($,$,#219,$,$);
#221=IFCCARTESIANPOINT((26.399999999999999,0.,0.));
#222=IFCCARTESIANTRANSFORMATIONOPERATOR3D($,$,#221,$,$);
#223=IFCCARTESIANPOINT((12.,3.));
#224=IFCAXIS2PLACEMENT2D(#223,$);
#225=IFCRECTANGLEPROFILEDEF(.AREA.,$,#224,3.,3.);
#226=IFCCARTESIANPOINT((0.,0.,72.));
#227=IFCAXIS2PLACEMENT3D(#226,$,$);
#228=IFCDIRECTION((0.,0.,1.));
#229=IFCEXTRUDEDAREASOLID(#225,#227,#228,1.);
#230=IFCCARTESIANPOINT((0.,0.,0.));
#231=IFCCARTESIANTRANSFORMATIONOPERATOR3D($,$,#230,$,$);
#232=IFCCARTESIANPOINT((3.5,0.,0.));
#233=IFCCARTESIANTRANSFORMATIONOPERATOR3D($,$,#232,$,$);
#234=IFCCARTESIANPOINT((7.,0.,0.));
#235=IFCCARTESIANTRANSFORMATIONOPERATOR3D($,$,#234,$,$);
#236=IFCCARTESIANPOINT((10.5,0.,0.));
#237=IFCCARTESIANTRANSFORMATIONOPERATOR3D($,$,#236,$,$);
#238=IFCCARTESIANPOINT((14.,0.,0.));
#239=IFCCARTESIANTRANSFORMATIONOPERATOR3D($,$,#238,$,$);
#240=IFCCARTESIANPOINT((17.5,0.,0.));
#241=IFCCARTESIANTRANSFORMATIONOPERATOR3D($,$,#240,$,$);
#242=IFCCARTESIANPOINT((21.,0.,0.));
#243=IFCCARTESIANTRANSFORMATIONOPERATOR3D($,$,#242,$,$);
#244=IFCCARTESIANPOINT((24.5,0.,0.));
#245=IFCCARTESIANTRANSFORMATIONOPERATOR3D($,$,#244,$,$);
#246=IFCCARTESIANPOINT((12.,12.));
#247=IFCAXIS2PLACEMENT2D(#246,$);
#248=IFCRECTANGLEPROFILEDEF(.AREA.,$,#247,3.,3.);
#249=IFCCARTESIANPOINT((0.,0.,72.));
#250=IFCAXIS2PLACEMENT3D(#249,$,$);
#251=IFCDIRECTION((0.,0.,1.));
#252=IFCEXTRUDEDAREASOLID(#248,#250,#251,1.);
#253=IFCCARTESIANPOINT((0.,0.,0.));
#254=IFCCARTESIANTRANSFORMATIONOPERATOR3D($,$,#253,$,$);
#255=IFCCARTESIANPOINT((3.5,0.,0.));
#256=IFCCARTESIANTRANSFORMATIONOPERATOR3D($,$,#255,$,$);
#257=IFCCARTESIANPOINT((7.,0.,0.));
#258=IFCCARTESIANTRANSFORMATIONOPERATOR3D($,$,#257,$,$);
#259=IFCCARTESIANPOINT((10.5,0.,0.));
#260=IFCCARTESIANTRANSFORMATIONOPERATOR3D($,$,#259,$,$);
#261=IFCCARTESIANPOINT((14.,0.,0.));
#262=IFCCARTESIANTRANSFORMATIONOPERATOR3D($,$,#261,$,$);
#263=IFCCARTESIANPOINT((17.5,0.,0.));
#264=IFCCARTESIANTRANSFORMATIONOPERATOR3D($,$,#263,$,$);
#265=IFCCARTESIANPOINT((21.,0.,0.));
#266=IFCCARTESIANTRANSFORMATIONOPERATOR3D($,$,#265,$,$);
#267=IFCCARTESIANPOINT((24.5,0.,0.));
#268=IFCCARTESIANTRANSFORMATIONOPERATOR3D($,$,#267,$,$);
#269=IFCCARTESIANPOINT((43.174984355438177,38.));
#270=IFCAXIS2PLACEMENT2D(#269,$);
#271=IFCRECTANGLEPROFILEDEF(.AREA.,$,#270,1.6000000000000001,1.6000000000000001);
#272=IFCCARTESIANPOINT((0.,0.,85.));
#273=IFCAXIS2PLACEMENT3D(#272,$,$);
#274=IFCDIRECTION((0.,0.,1.));
#275=IFCEXTRUDEDAREASOLID(#271,#273,#274,1.6000000000000001);
#276=IFCDIRECTION((1.,-0.,0.));
#277=IFCDIRECTION((0.,1.,0.));
#278=IFCCARTESIANPOINT((0.,0.,0.));
#279=IFCDIRECTION((0.,0.,1.));
#280=IFCCARTESIANTRANSFORMATIONOPERATOR3D(#276,#277,#278,$,#279);
#281=IFCDIRECTION((0.97492791218182362,-0.22252093395631439,0.));
#282=IFCDIRECTION((0.22252093395631439,0.97492791218182362,0.));
#283=IFCCARTESIANPOINT((-7.8540653827037161,6.293241752042249,0.));
#284=IFCDIRECTION((0.,0.,1.));
#285=IFCCARTESIANTRANSFORMATIONOPERATOR3D(#281,#282,#283,$,#284);
#286=IFCDIRECTION((0.90096886790241915,-0.43388373911755812,0.));
#287=IFCDIRECTION((0.43388373911755812,0.90096886790241915,0.));
#288=IFCCARTESIANPOINT((-14.11083491612527,14.176392758529467,0.));
#289=IFCDIRECTION((0.,0.,1.));
#290=IFCCARTESIANTRANSFORMATIONOPERATOR3D(#286,#287,#288,$,#289);
#291=IFCDIRECTION((0.7818314824680298,-0.62348980185873348,0.));
#292=IFCDIRECTION((0.62348980185873348,0.7818314824680298,0.));
#293=IFCCARTESIANPOINT((-18.456568049864586,23.254158910824472,0.));
#294=IFCDIRECTION((0.,0.,1.));
#295=IFCCARTESIANTRANSFORMATIONOPERATOR3D(#291,#292,#293,$,#294);
#296=IFCDIRECTION((0.62348980185873359,-0.7818314824680298,0.));
#297=IFCDIRECTION((0.7818314824680298,0.62348980185873359,0.));
#298=IFCCARTESIANPOINT((-20.673351578394737,33.071343108600843,0.));
#299=IFCDIRECTION((0.,0.,1.));
#300=IFCCARTESIANTRANSFORMATIONOPERATOR3D(#296,#297,#298,$,#299);
#301=IFCDIRECTION((0.43388373911755795,-0.90096886790241926,0.));
#302=IFCDIRECTION((0.90096886790241926,0.43388373911755795,0.));
#303=IFCCARTESIANPOINT((-20.650026719113328,43.135670743190857,0.));
#304=IFCDIRECTION((0.,0.,1.));
#305=IFCCARTESIANTRANSFORMATIONOPERATOR3D(#301,#302,#303,$,#304);
#306=IFCDIRECTION((0.22252093395631445,-0.97492791218182362,0.));
#307=IFCDIRECTION((0.97492791218182362,0.22252093395631445,0.));
#308=IFCCARTESIANPOINT((-18.387763077860839,52.942474402023819,0.));
#309=IFCDIRECTION((0.,0.,1.));
#310=IFCCARTESIANTRANSFORMATIONOPERATOR3D(#306,#307,#308,$,#309);
#311=IFCDIRECTION((6.123233995736766E-17,-1.,0.));
#312=IFCDIRECTION((1.,6.123233995736766E-17,0.));
#313=IFCCARTESIANPOINT((-14.,62.,0.));
#314=IFCDIRECTION((0.,0.,1.));
#315=IFCCARTESIANTRANSFORMATIONOPERATOR3D(#311,#312,#313,$,#314);
#316=IFCDIRECTION((-0.22252093395631434,-0.97492791218182362,0.));
#317=IFCDIRECTION((0.97492791218182362,-0.22252093395631434,0.));
#318=IFCCARTESIANPOINT((-7.706758247957751,69.854065382703709,0.));
#319=IFCDIRECTION((0.,0.,1.));
#320=IFCCARTESIANTRANSFORMATIONOPERATOR3D(#316,#317,#318,$,#319);
#321=IFCDIRECTION((-0.43388373911755806,-0.90096886790241915,0.));
#322=IFCDIRECTION((0.90096886790241915,-0.43388373911755806,0.));
#323=IFCCARTESIANPOINT((0.17639275852946668,76.11083491612527,0.));
#324=IFCDIRECTION((0.,0.,1.));
#325=IFCCARTESIANTRANSFORMATIONOPERATOR3D(#321,#322,#323,$,#324);
#326=IFCDIRECTION((-0.62348980185873382,-0.78183148246802958,0.));
#327=IFCDIRECTION((0.78183148246802958,-0.62348980185873382,0.));
#328=IFCCARTESIANPOINT((9.2541589108244864,80.4565680498646,0.));
#329=IFCDIRECTION((0.,0.,1.));
#330=IFCCARTESIANTRANSFORMATIONOPERATOR3D(#326,#327,#328,$,#329);
#331=IFCDIRECTION((-0.78183148246803003,-0.62348980185873326,0.));
#332=IFCDIRECTION((0.62348980185873326,-0.78183148246803003,0.));
#333=IFCCARTESIANPOINT((19.071343108600857,82.673351578394744,0.));
#334=IFCDIRECTION((0.,0.,1.));
#335=IFCCARTESIANTRANSFORMATIONOPERATOR3D(#331,#332,#333,$,#334);
#336=IFCDIRECTION((-0.90096886790241903,-0.43388373911755823,0.));
#337=IFCDIRECTION((0.43388373911755823,-0.90096886790241903,0.));
#338=IFCCARTESIANPOINT((29.135670743190843,82.650026719113313,0.));
#339=IFCDIRECTION((0.,0.,1.));
#340=IFCCARTESIANTRANSFORMATIONOPERATOR3D(#336,#337,#338,$,#339);
#341=IFCDIRECTION((-0.97492791218182362,-0.2225209339563145,0.));
#342=IFCDIRECTION((0.2225209339563145,-0.97492791218182362,0.));
#343=IFCCARTESIANPOINT((38.942474402023819,80.387763077860839,0.));
#344=IFCDIRECTION((0.,0.,1.));
#345=IFCCARTESIANTRANSFORMATIONOPERATOR3D(#341,#342,#343,$,#344);
#346=IFCDIRECTION((-1.,-1.2246467991473532E-16,0.));
#347=IFCDIRECTION((1.2246467991473532E-16,-1.,0.));
#348=IFCCARTESIANPOINT((48.,76.,0.));
#349=IFCDIRECTION((0.,0.,1.));
#350=IFCCARTESIANTRANSFORMATIONOPERATOR3D(#346,#347,#348,$,#349);
#351=IFCDIRECTION((-0.97492791218182362,0.22252093395631428,0.));
#352=IFCDIRECTION((-0.22252093395631428,-0.97492791218182362,0.));
#353=IFCCARTESIANPOINT((55.854065382703709,69.706758247957751,0.));
#354=IFCDIRECTION((0.,0.,1.));
#355=IFCCARTESIANTRANSFORMATIONOPERATOR3D(#351,#352,#353,$,#354);
#356=IFCDIRECTION((-0.90096886790241915,0.43388373911755801,0.));
#357=IFCDIRECTION((-0.43388373911755801,-0.90096886790241915,0.));
#358=IFCCARTESIANPOINT((62.110834916125263,61.823607241470533,0.));
#359=IFCDIRECTION((0.,0.,1.));
#360=IFCCARTESIANTRANSFORMATIONOPERATOR3D(#356,#357,#358,$,#359);
#361=IFCDIRECTION((-0.78183148246802958,0.62348980185873382,0.));
#362=IFCDIRECTION((-0.62348980185873382,-0.78183148246802958,0.));
#363=IFCCARTESIANPOINT((66.4565680498646,52.745841089175514,0.));
#364=IFCDIRECTION((0.,0.,1.));
#365=IFCCARTESIANTRANSFORMATIONOPERATOR3D(#361,#362,#363,$,#364);
#366=IFCDIRECTION((-0.62348980185873371,0.78183148246802969,0.));
#367=IFCDIRECTION((-0.78183148246802969,-0.62348980185873371,0.));
#368=IFCCARTESIANPOINT((68.673351578394744,42.928656891399172,0.));
#369=IFCDIRECTION((0.,0.,1.));
#370=IFCCARTESIANTRANSFORMATIONOPERATOR3D(#366,#367,#368,$,#369);
#371=IFCDIRECTION((-0.43388373911755745,0.90096886790241948,0.));
#372=IFCDIRECTION((-0.90096886790241948,-0.43388373911755745,0.));
#373=IFCCARTESIANPOINT((68.650026719113328,32.864329256809114,0.));
#374=IFCDIRECTION((0.,0.,1.));
#375=IFCCARTESIANTRANSFORMATIONOPERATOR3D(#371,#372,#373,$,#374);
#376=IFCDIRECTION((-0.2225209339563137,0.97492791218182373,0.));
#377=IFCDIRECTION((-0.97492791218182373,-0.2225209339563137,0.));
#378=IFCCARTESIANPOINT((66.387763077860825,23.057525597976149,0.));
#379=IFCDIRECTION((0.,0.,1.));
#380=IFCCARTESIANTRANSFORMATIONOPERATOR3D(#376,#377,#378,$,#379);
#381=IFCDIRECTION((-1.8369701987210297E-16,1.,0.));
#382=IFCDIRECTION((-1.,-1.8369701987210297E-16,0.));
#383=IFCCARTESIANPOINT((62.000000000000007,14.000000000000007,0.));
#384=IFCDIRECTION((0.,0.,1.));
#385=IFCCARTESIANTRANSFORMATIONOPERATOR3D(#381,#382,#383,$,#384);
#386=IFCDIRECTION((0.22252093395631509,0.97492791218182351,0.));
#387=IFCDIRECTION((-0.97492791218182351,0.22252093395631509,0.));
#388=IFCCARTESIANPOINT((55.706758247957737,6.1459346172962626,0.));
#389=IFCDIRECTION((0.,0.,1.));
#390=IFCCARTESIANTRANSFORMATIONOPERATOR3D(#386,#387,#388,$,#389);
#391=IFCDIRECTION((0.43388373911755795,0.90096886790241926,0.));
#392=IFCDIRECTION((-0.90096886790241926,0.43388373911755795,0.));
#393=IFCCARTESIANPOINT((47.82360724147054,-0.11083491612527041,0.));
#394=IFCDIRECTION((0.,0.,1.));
#395=IFCCARTESIANTRANSFORMATIONOPERATOR3D(#391,#392,#393,$,#394);
#396=IFCDIRECTION((0.62348980185873337,0.78183148246802991,0.));
#397=IFCDIRECTION((-0.78183148246802991,0.62348980185873337,0.));
#398=IFCCARTESIANPOINT((38.745841089175535,-4.4565680498645861,0.));
#399=IFCDIRECTION((0.,0.,1.));
#400=IFCCARTESIANTRANSFORMATIONOPERATOR3D(#396,#397,#398,$,#399);
#401=IFCDIRECTION((0.78183148246802969,0.62348980185873371,0.));
#402=IFCDIRECTION((-0.62348980185873371,0.78183148246802969,0.));
#403=IFCCARTESIANPOINT((28.928656891399168,-6.6733515783947368,0.));
#404=IFCDIRECTION((0.,0.,1.));
#405=IFCCARTESIANTRANSFORMATIONOPERATOR3D(#401,#402,#403,$,#404);
#406=IFCDIRECTION((0.90096886790241903,0.43388373911755834,0.));
#407=IFCDIRECTION((-0.43388373911755834,0.90096886790241903,0.));
#408=IFCCARTESIANPOINT((18.86432925680916,-6.6500267191133204,0.));
#409=IFCDIRECTION((0.,0.,1.));
#410=IFCCARTESIANTRANSFORMATIONOPERATOR3D(#406,#407,#408,$,#409);
#411=IFCDIRECTION((0.97492791218182373,0.22252093395631378,0.));
#412=IFCDIRECTION((-0.22252093395631378,0.97492791218182373,0.));
#413=IFCCARTESIANPOINT((9.0575255979761522,-4.3877630778608321,0.));
#414=IFCDIRECTION((0.,0.,1.));
#415=IFCCARTESIANTRANSFORMATIONOPERATOR3D(#411,#412,#413,$,#414);
#416=IFCCARTESIANPOINT((42.891368667515216,38.));
#417=IFCAXIS2PLACEMENT2D(#416,$);
#418=IFCRECTANGLEPROFILEDEF(.AREA.,$,#417,1.6000000000000001,1.6000000000000001);
#419=IFCCARTESIANPOINT((0.,0.,87.5));
#420=IFCAXIS2PLACEMENT3D(#419,$,$);
#421=IFCDIRECTION((0.,0.,1.));
#422=IFCEXTRUDEDAREASOLID(#418,#420,#421,1.6000000000000001);
#423=IFCDIRECTION((1.,-0.,0.));
#424=IFCDIRECTION((0.,1.,0.));
#425=IFCCARTESIANPOINT((0.,0.,0.));
#426=IFCDIRECTION((0.,0.,1.));
#427=IFCCARTESIANTRANSFORMATIONOPERATOR3D(#423,#424,#425,$,#426);
#428=IFCDIRECTION((0.97492791218182362,-0.22252093395631439,0.));
#429=IFCDIRECTION((0.22252093395631439,0.97492791218182362,0.));
#430=IFCCARTESIANPOINT((-7.8540653827037161,6.293241752042249,0.));
#431=IFCDIRECTION((0.,0.,1.));
#432=IFCCARTESIANTRANSFORMATIONOPERATOR3D(#428,#429,#430,$,#431);
#433=IFCDIRECTION((0.90096886790241915,-0.43388373911755812,0.));
#434=IFCDIRECTION((0.43388373911755812,0.90096886790241915,0.));
#435=IFCCARTESIANPOINT((-14.11083491612527,14.176392758529467,0.));
#436=IFCDIRECTION((0.,0.,1.));
#437=IFCCARTESIANTRANSFORMATIONOPERATOR3D(#433,#434,#435,$,#436);
#438=IFCDIRECTION((0.7818314824680298,-0.62348980185873348,0.));
#439=IFCDIRECTION((0.62348980185873348,0.7818314824680298,0.));
#440=IFCCARTESIANPOINT((-18.456568049864586,23.254158910824472,0.));
#441=IFCDIRECTION((0.,0.,1.));
#442=IFCCARTESIANTRANSFORMATIONOPERATOR3D(#438,#439,#440,$,#441);
#443=IFCDIRECTION((0.62348980185873359,-0.7818314824680298,0.));
#444=IFCDIRECTION((0.7818314824680298,0.62348980185873359,0.));
#445=IFCCARTESIANPOINT((-20.673351578394737,33.071343108600843,0.));
#446=IFCDIRECTION((0.,0.,1.));
#447=IFCCARTESIANTRANSFORMATIONOPERATOR3D(#443,#444,#445,$,#446);
#448=IFCDIRECTION((0.43388373911755795,-0.90096886790241926,0.));
#449=IFCDIRECTION((0.90096886790241926,0.43388373911755795,0.));
#450=IFCCARTESIANPOINT((-20.650026719113328,43.135670743190857,0.));
#451=IFCDIRECTION((0.,0.,1.));
#452=IFCCARTESIANTRANSFORMATIONOPERATOR3D(#448,#449,#450,$,#451);
#453=IFCDIRECTION((0.22252093395631445,-0.97492791218182362,0.));
#454=IFCDIRECTION((0.97492791218182362,0.22252093395631445,0.));
#455=IFCCARTESIANPOINT((-18.387763077860839,52.942474402023819,0.));
#456=IFCDIRECTION((0.,0.,1.));
#457=IFCCARTESIANTRANSFORMATIONOPERATOR3D(#453,#454,#455,$,#456);
#458=IFCDIRECTION((6.123233995736766E-17,-1.,0.));
#459=IFCDIRECTION((1.,6.123233995736766E-17,0.));
#460=IFCCARTESIANPOINT((-14.,62.,0.));
#461=IFCDIRECTION((0.,0.,1.));
#462=IFCCARTESIANTRANSFORMATIONOPERATOR3D(#458,#459,#460,$,#461);
#463=IFCDIRECTION((-0.22252093395631434,-0.97492791218182362,0.));
#464=IFCDIRECTION((0.97492791218182362,-0.22252093395631434,0.));
#465=IFCCARTESIANPOINT((-7.706758247957751,69.854065382703709,0.));
#466=IFCDIRECTION((0.,0.,1.));
#467=IFCCARTESIANTRANSFORMATIONOPERATOR3D(#463,#464,#465,$,#466);
#468=IFCDIRECTION((-0.43388373911755806,-0.90096886790241915,0.));
#469=IFCDIRECTION((0.90096886790241915,-0.43388373911755806,0.));
#470=IFCCARTESIANPOINT((0.17639275852946668,76.11083491612527,0.));
#471=IFCDIRECTION((0.,0.,1.));
#472=IFCCARTESIANTRANSFORMATIONOPERATOR3D(#468,#469,#470,$,#471);
#473=IFCDIRECTION((-0.62348980185873382,-0.78183148246802958,0.));
#474=IFCDIRECTION((0.78183148246802958,-0.62348980185873382,0.));
#475=IFCCARTESIANPOINT((9.2541589108244864,80.4565680498646,0.));
#476=IFCDIRECTION((0.,0.,1.));
#477=IFCCARTESIANTRANSFORMATIONOPERATOR3D(#473,#474,#475,$,#476);
#478=IFCDIRECTION((-0.78183148246803003,-0.62348980185873326,0.));
#479=IFCDIRECTION((0.62348980185873326,-0.78183148246803003,0.));
#480=IFCCARTESIANPOINT((19.071343108600857,82.673351578394744,0.));
#481=IFCDIRECTION((0.,0.,1.));
#482=IFCCARTESIANTRANSFORMATIONOPERATOR3D(#478,#479,#480,$,#481);
#483=IFCDIRECTION((-0.90096886790241903,-0.43388373911755823,0.));
#484=IFCDIRECTION((0.43388373911755823,-0.90096886790241903,0.));
#485=IFCCARTESIANPOINT((29.135670743190843,82.650026719113313,0.));
#486=IFCDIRECTION((0.,0.,1.));
#487=IFCCARTESIANTRANSFORMATIONOPERATOR3D(#483,#484,#485,$,#486);
#488=IFCDIRECTION((-0.97492791218182362,-0.2225209339563145,0.));
#489=IFCDIRECTION((0.2225209339563145,-0.97492791218182362,0.));
#490=IFCCARTESIANPOINT((38.942474402023819,80.387763077860839,0.));
#491=IFCDIRECTION((0.,0.,1.));
#492=IFCCARTESIANTRANSFORMATIONOPERATOR3D(#488,#489,#490,$,#491);
#493=IFCDIRECTION((-1.,-1.2246467991473532E-16,0.));
#494=IFCDIRECTION((1.2246467991473532E-16,-1.,0.));
#495=IFCCARTESIANPOINT((48.,76.,0.));
#496=IFCDIRECTION((0.,0.,1.));
#497=IFCCARTESIANTRANSFORMATIONOPERATOR3D(#493,#494,#495,$,#496);
#498=IFCDIRECTION((-0.97492791218182362,0.22252093395631428,0.));
#499=IFCDIRECTION((-0.22252093395631428,-0.97492791218182362,0.));
#500=IFCCARTESIANPOINT((55.854065382703709,69.706758247957751,0.));
#501=IFCDIRECTION((0.,0.,1.));
#502=IFCCARTESIANTRANSFORMATIONOPERATOR3D(#498,#499,#500,$,#501);
#503=IFCDIRECTION((-0.90096886790241915,0.43388373911755801,0.));
#504=IFCDIRECTION((-0.43388373911755801,-0.90096886790241915,0.));
#505=IFCCARTESIANPOINT((62.110834916125263,61.823607241470533,0.));
#506=IFCDIRECTION((0.,0.,1.));
#507=IFCCARTESIANTRANSFORMATIONOPERATOR3D(#503,#504,#505,$,#506);
#508=IFCDIRECTION((-0.78183148246802958,0.62348980185873382,0.));
#509=IFCDIRECTION((-0.62348980185873382,-0.78183148246802958,0.));
#510=IFCCARTESIANPOINT((66.4565680498646,52.745841089175514,0.));
#511=IFCDIRECTION((0.,0.,1.));
#512=IFCCARTESIANTRANSFORMATIONOPERATOR3D(#508,#509,#510,$,#511);
#513=IFCDIRECTION((-0.62348980185873371,0.78183148246802969,0.));
#514=IFCDIRECTION((-0.78183148246802969,-0.62348980185873371,0.));
#515=IFCCARTESIANPOINT((68.673351578394744,42.928656891399172,0.));
#516=IFCDIRECTION((0.,0.,1.));
#517=IFCCARTESIANTRANSFORMATIONOPERATOR3D(#513,#514,#515,$,#516);
#518=IFCDIRECTION((-0.43388373911755745,0.90096886790241948,0.));
#519=IFCDIRECTION((-0.90096886790241948,-0.43388373911755745,0.));
#520=IFCCARTESIANPOINT((68.650026719113328,32.864329256809114,0.));
#521=IFCDIRECTION((0.,0.,1.));
#522=IFCCARTESIANTRANSFORMATIONOPERATOR3D(#518,#519,#520,$,#521);
#523=IFCDIRECTION((-0.2225209339563137,0.97492791218182373,0.));
#524=IFCDIRECTION((-0.97492791218182373,-0.2225209339563137,0.));
#525=IFCCARTESIANPOINT((66.387763077860825,23.057525597976149,0.));
#526=IFCDIRECTION((0.,0.,1.));
#527=IFCCARTESIANTRANSFORMATIONOPERATOR3D(#523,#524,#525,$,#526);
#528=IFCDIRECTION((-1.8369701987210297E-16,1.,0.));
#529=IFCDIRECTION((-1.,-1.8369701987210297E-16,0.));
#530=IFCCARTESIANPOINT((62.000000000000007,14.000000000000007,0.));
#531=IFCDIRECTION((0.,0.,1.));
#532=IFCCARTESIANTRANSFORMATIONOPERATOR3D(#528,#529,#530,$,#531);
#533=IFCDIRECTION((0.22252093395631509,0.97492791218182351,0.));
#534=IFCDIRECTION((-0.97492791218182351,0.22252093395631509,0.));
#535=IFCCARTESIANPOINT((55.706758247957737,6.1459346172962626,0.));
#536=IFCDIRECTION((0.,0.,1.));
#537=IFCCARTESIANTRANSFORMATIONOPERATOR3D(#533,#534,#535,$,#536);
#538=IFCDIRECTION((0.43388373911755795,0.90096886790241926,0.));
#539=IFCDIRECTION((-0.90096886790241926,0.43388373911755795,0.));
#540=IFCCARTESIANPOINT((47.82360724147054,-0.11083491612527041,0.));
#541=IFCDIRECTION((0.,0.,1.));
#542=IFCCARTESIANTRANSFORMATIONOPERATOR3D(#538,#539,#540,$,#541);
#543=IFCDIRECTION((0.62348980185873337,0.78183148246802991,0.));
#544=IFCDIRECTION((-0.78183148246802991,0.62348980185873337,0.));
#545=IFCCARTESIANPOINT((38.745841089175535,-4.4565680498645861,0.));
#546=IFCDIRECTION((0.,0.,1.));
#547=IFCCARTESIANTRANSFORMATIONOPERATOR3D(#543,#544,#545,$,#546);
#548=IFCDIRECTION((0.78183148246802969,0.62348980185873371,0.));
#549=IFCDIRECTION((-0.62348980185873371,0.78183148246802969,0.));
#550=IFCCARTESIANPOINT((28.928656891399168,-6.6733515783947368,0.));
#551=IFCDIRECTION((0.,0.,1.));
#552=IFCCARTESIANTRANSFORMATIONOPERATOR3D(#548,#549,#550,$,#551);
#553=IFCDIRECTION((0.90096886790241903,0.43388373911755834,0.));
#554=IFCDIRECTION((-0.43388373911755834,0.90096886790241903,0.));
#555=IFCCARTESIANPOINT((18.86432925680916,-6.6500267191133204,0.));
#556=IFCDIRECTION((0.,0.,1.));
#557=IFCCARTESIANTRANSFORMATIONOPERATOR3D(#553,#554,#555,$,#556);
#558=IFCDIRECTION((0.97492791218182373,0.22252093395631378,0.));
#559=IFCDIRECTION((-0.22252093395631378,0.97492791218182373,0.));
#560=IFCCARTESIANPOINT((9.0575255979761522,-4.3877630778608321,0.));
#561=IFCDIRECTION((0.,0.,1.));
#562=IFCCARTESIANTRANSFORMATIONOPERATOR3D(#558,#559,#560,$,#561);
#563=IFCCARTESIANPOINT((42.278784028338912,38.));
#564=IFCAXIS2PLACEMENT2D(#563,$);
#565=IFCRECTANGLEPROFILEDEF(.AREA.,$,#564,1.6000000000000001,1.6000000000000001);
#566=IFCCARTESIANPOINT((0.,0.,90.));
#567=IFCAXIS2PLACEMENT3D(#566,$,$);
#568=IFCDIRECTION((0.,0.,1.));
#569=IFCEXTRUDEDAREASOLID(#565,#567,#568,1.6000000000000001);
#570=IFCDIRECTION((1.,-0.,0.));
#571=IFCDIRECTION((0.,1.,0.));
#572=IFCCARTESIANPOINT((0.,0.,0.));
#573=IFCDIRECTION((0.,0.,1.));
#574=IFCCARTESIANTRANSFORMATIONOPERATOR3D(#570,#571,#572,$,#573);
#575=IFCDIRECTION((0.97492791218182362,-0.22252093395631439,0.));
#576=IFCDIRECTION((0.22252093395631439,0.97492791218182362,0.));
#577=IFCCARTESIANPOINT((-7.8540653827037161,6.293241752042249,0.));
#578=IFCDIRECTION((0.,0.,1.));
#579=IFCCARTESIANTRANSFORMATIONOPERATOR3D(#575,#576,#577,$,#578);
#580=IFCDIRECTION((0.90096886790241915,-0.43388373911755812,0.));
#581=IFCDIRECTION((0.43388373911755812,0.90096886790241915,0.));
#582=IFCCARTESIANPOINT((-14.11083491612527,14.176392758529467,0.));
#583=IFCDIRECTION((0.,0.,1.));
#584=IFCCARTESIANTRANSFORMATIONOPERATOR3D(#580,#581,#582,$,#583);
#585=IFCDIRECTION((0.7818314824680298,-0.62348980185873348,0.));
#586=IFCDIRECTION((0.62348980185873348,0.7818314824680298,0.));
#587=IFCCARTESIANPOINT((-18.456568049864586,23.254158910824472,0.));
#588=IFCDIRECTION((0.,0.,1.));
#589=IFCCARTESIANTRANSFORMATIONOPERATOR3D(#585,#586,#587,$,#588);
#590=IFCDIRECTION((0.62348980185873359,-0.7818314824680298,0.));
#591=IFCDIRECTION((0.7818314824680298,0.62348980185873359,0.));
#592=IFCCARTESIANPOINT((-20.673351578394737,33.071343108600843,0.));
#593=IFCDIRECTION((0.,0.,1.));
#594=IFCCARTESIANTRANSFORMATIONOPERATOR3D(#590,#591,#592,$,#593);
#595=IFCDIRECTION((0.43388373911755795,-0.90096886790241926,0.));
#596=IFCDIRECTION((0.90096886790241926,0.43388373911755795,0.));
#597=IFCCARTESIANPOINT((-20.650026719113328,43.135670743190857,0.));
#598=IFCDIRECTION((0.,0.,1.));
#599=IFCCARTESIANTRANSFORMATIONOPERATOR3D(#595,#596,#597,$,#598);
#600=IFCDIRECTION((0.22252093395631445,-0.97492791218182362,0.));
#601=IFCDIRECTION((0.97492791218182362,0.22252093395631445,0.));
#602=IFCCARTESIANPOINT((-18.387763077860839,52.942474402023819,0.));
#603=IFCDIRECTION((0.,0.,1.));
#604=IFCCARTESIANTRANSFORMATIONOPERATOR3D(#600,#601,#602,$,#603);
#605=IFCDIRECTION((6.123233995736766E-17,-1.,0.));
#606=IFCDIRECTION((1.,6.123233995736766E-17,0.));
#607=IFCCARTESIANPOINT((-14.,62.,0.));
#608=IFCDIRECTION((0.,0.,1.));
#609=IFCCARTESIANTRANSFORMATIONOPERATOR3D(#605,#606,#607,$,#608);
#610=IFCDIRECTION((-0.22252093395631434,-0.97492791218182362,0.));
#611=IFCDIRECTION((0.97492791218182362,-0.22252093395631434,0.));
#612=IFCCARTESIANPOINT((-7.706758247957751,69.854065382703709,0.));
#613=IFCDIRECTION((0.,0.,1.));
#614=IFCCARTESIANTRANSFORMATIONOPERATOR3D(#610,#611,#612,$,#613);
#615=IFCDIRECTION((-0.43388373911755806,-0.90096886790241915,0.));
#616=IFCDIRECTION((0.90096886790241915,-0.43388373911755806,0.));
#617=IFCCARTESIANPOINT((0.17639275852946668,76.11083491612527,0.));
#618=IFCDIRECTION((0.,0.,1.));
#619=IFCCARTESIANTRANSFORMATIONOPERATOR3D(#615,#616,#617,$,#618);
#620=IFCDIRECTION((-0.62348980185873382,-0.78183148246802958,0.));
#621=IFCDIRECTION((0.78183148246802958,-0.62348980185873382,0.));
#622=IFCCARTESIANPOINT((9.2541589108244864,80.4565680498646,0.));
#623=IFCDIRECTION((0.,0.,1.));
#624=IFCCARTESIANTRANSFORMATIONOPERATOR3D(#620,#621,#622,$,#623);
#625=IFCDIRECTION((-0.78183148246803003,-0.62348980185873326,0.));
#626=IFCDIRECTION((0.62348980185873326,-0.78183148246803003,0.));
#627=IFCCARTESIANPOINT((19.071343108600857,82.673351578394744,0.));
#628=IFCDIRECTION((0.,0.,1.));
#629=IFCCARTESIANTRANSFORMATIONOPERATOR3D(#625,#626,#627,$,#628);
#630=IFCDIRECTION((-0.90096886790241903,-0.43388373911755823,0.));
#631=IFCDIRECTION((0.43388373911755823,-0.90096886790241903,0.));
#632=IFCCARTESIANPOINT((29.135670743190843,82.650026719113313,0.));
#633=IFCDIRECTION((0.,0.,1.));
#634=IFCCARTESIANTRANSFORMATIONOPERATOR3D(#630,#631,#632,$,#633);
#635=IFCDIRECTION((-0.97492791218182362,-0.2225209339563145,0.));
#636=IFCDIRECTION((0.2225209339563145,-0.97492791218182362,0.));
#637=IFCCARTESIANPOINT((38.942474402023819,80.387763077860839,0.));
#638=IFCDIRECTION((0.,0.,1.));
#639=IFCCARTESIANTRANSFORMATIONOPERATOR3D(#635,#636,#637,$,#638);
#640=IFCDIRECTION((-1.,-1.2246467991473532E-16,0.));
#641=IFCDIRECTION((1.2246467991473532E-16,-1.,0.));
#642=IFCCARTESIANPOINT((48.,76.,0.));
#643=IFCDIRECTION((0.,0.,1.));
#644=IFCCARTESIANTRANSFORMATIONOPERATOR3D(#640,#641,#642,$,#643);
#645=IFCDIRECTION((-0.97492791218182362,0.22252093395631428,0.));
#646=IFCDIRECTION((-0.22252093395631428,-0.97492791218182362,0.));
#647=IFCCARTESIANPOINT((55.854065382703709,69.706758247957751,0.));
#648=IFCDIRECTION((0.,0.,1.));
#649=IFCCARTESIANTRANSFORMATIONOPERATOR3D(#645,#646,#647,$,#648);
#650=IFCDIRECTION((-0.90096886790241915,0.43388373911755801,0.));
#651=IFCDIRECTION((-0.43388373911755801,-0.90096886790241915,0.));
#652=IFCCARTESIANPOINT((62.110834916125263,61.823607241470533,0.));
#653=IFCDIRECTION((0.,0.,1.));
#654=IFCCARTESIANTRANSFORMATIONOPERATOR3D(#650,#651,#652,$,#653);
#655=IFCDIRECTION((-0.78183148246802958,0.62348980185873382,0.));
#656=IFCDIRECTION((-0.62348980185873382,-0.78183148246802958,0.));
#657=IFCCARTESIANPOINT((66.4565680498646,52.745841089175514,0.));
#658=IFCDIRECTION((0.,0.,1.));
#659=IFCCARTESIANTRANSFORMATIONOPERATOR3D(#655,#656,#657,$,#658);
#660=IFCDIRECTION((-0.62348980185873371,0.78183148246802969,0.));
#661=IFCDIRECTION((-0.78183148246802969,-0.62348980185873371,0.));
#662=IFCCARTESIANPOINT((68.673351578394744,42.928656891399172,0.));
#663=IFCDIRECTION((0.,0.,1.));
#664=IFCCARTESIANTRANSFORMATIONOPERATOR3D(#660,#661,#662,$,#663);
#665=IFCDIRECTION((-0.43388373911755745,0.90096886790241948,0.));
#666=IFCDIRECTION((-0.90096886790241948,-0.43388373911755745,0.));
#667=IFCCARTESIANPOINT((68.650026719113328,32.864329256809114,0.));
#668=IFCDIRECTION((0.,0.,1.));
#669=IFCCARTESIANTRANSFORMATIONOPERATOR3D(#665,#666,#667,$,#668);
#670=IFCDIRECTION((-0.2225209339563137,0.97492791218182373,0.));
#671=IFCDIRECTION((-0.97492791218182373,-0.2225209339563137,0.));
#672=IFCCARTESIANPOINT((66.387763077860825,23.057525597976149,0.));
#673=IFCDIRECTION((0.,0.,1.));
#674=IFCCARTESIANTRANSFORMATIONOPERATOR3D(#670,#671,#672,$,#673);
#675=IFCDIRECTION((-1.8369701987210297E-16,1.,0.));
#676=IFCDIRECTION((-1.,-1.8369701987210297E-16,0.));
#677=IFCCARTESIANPOINT((62.000000000000007,14.000000000000007,0.));
#678=IFCDIRECTION((0.,0.,1.));
#679=IFCCARTESIANTRANSFORMATIONOPERATOR3D(#675,#676,#677,$,#678);
#680=IFCDIRECTION((0.22252093395631509,0.97492791218182351,0.));
#681=IFCDIRECTION((-0.97492791218182351,0.22252093395631509,0.));
#682=IFCCARTESIANPOINT((55.706758247957737,6.1459346172962626,0.));
#683=IFCDIRECTION((0.,0.,1.));
#684=IFCCARTESIANTRANSFORMATIONOPERATOR3D(#680,#681,#682,$,#683);
#685=IFCDIRECTION((0.43388373911755795,0.90096886790241926,0.));
#686=IFCDIRECTION((-0.90096886790241926,0.43388373911755795,0.));
#687=IFCCARTESIANPOINT((47.82360724147054,-0.11083491612527041,0.));
#688=IFCDIRECTION((0.,0.,1.));
#689=IFCCARTESIANTRANSFORMATIONOPERATOR3D(#685,#686,#687,$,#688);
#690=IFCDIRECTION((0.62348980185873337,0.78183148246802991,0.));
#691=IFCDIRECTION((-0.78183148246802991,0.62348980185873337,0.));
#692=IFCCARTESIANPOINT((38.745841089175535,-4.4565680498645861,0.));
#693=IFCDIRECTION((0.,0.,1.));
#694=IFCCARTESIANTRANSFORMATIONOPERATOR3D(#690,#691,#692,$,#693);
#695=IFCDIRECTION((0.78183148246802969,0.62348980185873371,0.));
#696=IFCDIRECTION((-0.62348980185873371,0.78183148246802969,0.));
#697=IFCCARTESIANPOINT((28.928656891399168,-6.6733515783947368,0.));
#698=IFCDIRECTION((0.,0.,1.));
#699=IFCCARTESIANTRANSFORMATIONOPERATOR3D(#695,#696,#697,$,#698);
#700=IFCDIRECTION((0.90096886790241903,0.43388373911755834,0.));
#701=IFCDIRECTION((-0.43388373911755834,0.90096886790241903,0.));
#702=IFCCARTESIANPOINT((18.86432925680916,-6.6500267191133204,0.));
#703=IFCDIRECTION((0.,0.,1.));
#704=IFCCARTESIANTRANSFORMATIONOPERATOR3D(#700,#701,#702,$,#703);
#705=IFCDIRECTION((0.97492791218182373,0.22252093395631378,0.));
#706=IFCDIRECTION((-0.22252093395631378,0.97492791218182373,0.));
#707=IFCCARTESIANPOINT((9.0575255979761522,-4.3877630778608321,0.));
#708=IFCDIRECTION((0.,0.,1.));
#709=IFCCARTESIANTRANSFORMATIONOPERATOR3D(#705,#706,#707,$,#708);
#710=IFCCARTESIANPOINT((41.303866990231668,38.));
#711=IFCAXIS2PLACEMENT2D(#710,$);
#712=IFCRECTANGLEPROFILEDEF(.AREA.,$,#711,1.6000000000000001,1.6000000000000001);
#713=IFCCARTESIANPOINT((0.,0.,92.5));
#714=IFCAXIS2PLACEMENT3D(#713,$,$);
#715=IFCDIRECTION((0.,0.,1.));
#716=IFCEXTRUDEDAREASOLID(#712,#714,#715,1.6000000000000001);
#717=IFCDIRECTION((1.,-0.,0.));
#718=IFCDIRECTION((0.,1.,0.));
#719=IFCCARTESIANPOINT((0.,0.,0.));
#720=IFCDIRECTION((0.,0.,1.));
#721=IFCCARTESIANTRANSFORMATIONOPERATOR3D(#717,#718,#719,$,#720);
#722=IFCDIRECTION((0.97492791218182362,-0.22252093395631439,0.));
#723=IFCDIRECTION((0.22252093395631439,0.97492791218182362,0.));
#724=IFCCARTESIANPOINT((-7.8540653827037161,6.293241752042249,0.));
#725=IFCDIRECTION((0.,0.,1.));
#726=IFCCARTESIANTRANSFORMATIONOPERATOR3D(#722,#723,#724,$,#725);
#727=IFCDIRECTION((0.90096886790241915,-0.43388373911755812,0.));
#728=IFCDIRECTION((0.43388373911755812,0.90096886790241915,0.));
#729=IFCCARTESIANPOINT((-14.11083491612527,14.176392758529467,0.));
#730=IFCDIRECTION((0.,0.,1.));
#731=IFCCARTESIANTRANSFORMATIONOPERATOR3D(#727,#728,#729,$,#730);
#732=IFCDIRECTION((0.7818314824680298,-0.62348980185873348,0.));
#733=IFCDIRECTION((0.62348980185873348,0.7818314824680298,0.));
#734=IFCCARTESIANPOINT((-18.456568049864586,23.254158910824472,0.));
#735=IFCDIRECTION((0.,0.,1.));
#736=IFCCARTESIANTRANSFORMATIONOPERATOR3D(#732,#733,#734,$,#735);
#737=IFCDIRECTION((0.62348980185873359,-0.7818314824680298,0.));
#738=IFCDIRECTION((0.7818314824680298,0.62348980185873359,0.));
#739=IFCCARTESIANPOINT((-20.673351578394737,33.071343108600843,0.));
#740=IFCDIRECTION((0.,0.,1.));
#741=IFCCARTESIANTRANSFORMATIONOPERATOR3D(#737,#738,#739,$,#740);
#742=IFCDIRECTION((0.43388373911755795,-0.90096886790241926,0.));
#743=IFCDIRECTION((0.90096886790241926,0.43388373911755795,0.));
#744=IFCCARTESIANPOINT((-20.650026719113328,43.135670743190857,0.));
#745=IFCDIRECTION((0.,0.,1.));
#746=IFCCARTESIANTRANSFORMATIONOPERATOR3D(#742,#743,#744,$,#745);
#747=IFCDIRECTION((0.22252093395631445,-0.97492791218182362,0.));
#748=IFCDIRECTION((0.97492791218182362,0.22252093395631445,0.));
#749=IFCCARTESIANPOINT((-18.387763077860839,52.942474402023819,0.));
#750=IFCDIRECTION((0.,0.,1.));
#751=IFCCARTESIANTRANSFORMATIONOPERATOR3D(#747,#748,#749,$,#750);
#752=IFCDIRECTION((6.123233995736766E-17,-1.,0.));
#753=IFCDIRECTION((1.,6.123233995736766E-17,0.));
#754=IFCCARTESIANPOINT((-14.,62.,0.));
#755=IFCDIRECTION((0.,0.,1.));
#756=IFCCARTESIANTRANSFORMATIONOPERATOR3D(#752,#753,#754,$,#755);
#757=IFCDIRECTION((-0.22252093395631434,-0.97492791218182362,0.));
#758=IFCDIRECTION((0.97492791218182362,-0.22252093395631434,0.));
#759=IFCCARTESIANPOINT((-7.706758247957751,69.854065382703709,0.));
#760=IFCDIRECTION((0.,0.,1.));
#761=IFCCARTESIANTRANSFORMATIONOPERATOR3D(#757,#758,#759,$,#760);
#762=IFCDIRECTION((-0.43388373911755806,-0.90096886790241915,0.));
#763=IFCDIRECTION((0.90096886790241915,-0.43388373911755806,0.));
#764=IFCCARTESIANPOINT((0.17639275852946668,76.11083491612527,0.));
#765=IFCDIRECTION((0.,0.,1.));
#766=IFCCARTESIANTRANSFORMATIONOPERATOR3D(#762,#763,#764,$,#765);
#767=IFCDIRECTION((-0.62348980185873382,-0.78183148246802958,0.));
#768=IFCDIRECTION((0.78183148246802958,-0.62348980185873382,0.));
#769=IFCCARTESIANPOINT((9.2541589108244864,80.4565680498646,0.));
#770=IFCDIRECTION((0.,0.,1.));
#771=IFCCARTESIANTRANSFORMATIONOPERATOR3D(#767,#768,#769,$,#770);
#772=IFCDIRECTION((-0.78183148246803003,-0.62348980185873326,0.));
#773=IFCDIRECTION((0.62348980185873326,-0.78183148246803003,0.));
#774=IFCCARTESIANPOINT((19.071343108600857,82.673351578394744,0.));
#775=IFCDIRECTION((0.,0.,1.));
#776=IFCCARTESIANTRANSFORMATIONOPERATOR3D(#772,#773,#774,$,#775);
#777=IFCDIRECTION((-0.90096886790241903,-0.43388373911755823,0.));
#778=IFCDIRECTION((0.43388373911755823,-0.90096886790241903,0.));
#779=IFCCARTESIANPOINT((29.135670743190843,82.650026719113313,0.));
#780=IFCDIRECTION((0.,0.,1.));
#781=IFCCARTESIANTRANSFORMATIONOPERATOR3D(#777,#778,#779,$,#780);
#782=IFCDIRECTION((-0.97492791218182362,-0.2225209339563145,0.));
#783=IFCDIRECTION((0.2225209339563145,-0.97492791218182362,0.));
#784=IFCCARTESIANPOINT((38.942474402023819,80.387763077860839,0.));
#785=IFCDIRECTION((0.,0.,1.));
#786=IFCCARTESIANTRANSFORMATIONOPERATOR3D(#782,#783,#784,$,#785);
#787=IFCDIRECTION((-1.,-1.2246467991473532E-16,0.));
#788=IFCDIRECTION((1.2246467991473532E-16,-1.,0.));
#789=IFCCARTESIANPOINT((48.,76.,0.));
#790=IFCDIRECTION((0.,0.,1.));
#791=IFCCARTESIANTRANSFORMATIONOPERATOR3D(#787,#788,#789,$,#790);
#792=IFCDIRECTION((-0.97492791218182362,0.22252093395631428,0.));
#793=IFCDIRECTION((-0.22252093395631428,-0.97492791218182362,0.));
#794=IFCCARTESIANPOINT((55.854065382703709,69.706758247957751,0.));
#795=IFCDIRECTION((0.,0.,1.));
#796=IFCCARTESIANTRANSFORMATIONOPERATOR3D(#792,#793,#794,$,#795);
#797=IFCDIRECTION((-0.90096886790241915,0.43388373911755801,0.));
#798=IFCDIRECTION((-0.43388373911755801,-0.90096886790241915,0.));
#799=IFCCARTESIANPOINT((62.110834916125263,61.823607241470533,0.));
#800=IFCDIRECTION((0.,0.,1.));
#801=IFCCARTESIANTRANSFORMATIONOPERATOR3D(#797,#798,#799,$,#800);
#802=IFCDIRECTION((-0.78183148246802958,0.62348980185873382,0.));
#803=IFCDIRECTION((-0.62348980185873382,-0.78183148246802958,0.));
#804=IFCCARTESIANPOINT((66.4565680498646,52.745841089175514,0.));
#805=IFCDIRECTION((0.,0.,1.));
#806=IFCCARTESIANTRANSFORMATIONOPERATOR3D(#802,#803,#804,$,#805);
#807=IFCDIRECTION((-0.62348980185873371,0.78183148246802969,0.));
#808=IFCDIRECTION((-0.78183148246802969,-0.62348980185873371,0.));
#809=IFCCARTESIANPOINT((68.673351578394744,42.928656891399172,0.));
#810=IFCDIRECTION((0.,0.,1.));
#811=IFCCARTESIANTRANSFORMATIONOPERATOR3D(#807,#808,#809,$,#810);
#812=IFCDIRECTION((-0.43388373911755745,0.90096886790241948,0.));
#813=IFCDIRECTION((-0.90096886790241948,-0.43388373911755745,0.));
#814=IFCCARTESIANPOINT((68.650026719113328,32.864329256809114,0.));
#815=IFCDIRECTION((0.,0.,1.));
#816=IFCCARTESIANTRANSFORMATIONOPERATOR3D(#812,#813,#814,$,#815);
#817=IFCDIRECTION((-0.2225209339563137,0.97492791218182373,0.));
#818=IFCDIRECTION((-0.97492791218182373,-0.2225209339563137,0.));
#819=IFCCARTESIANPOINT((66.387763077860825,23.057525597976149,0.));
#820=IFCDIRECTION((0.,0.,1.));
#821=IFCCARTESIANTRANSFORMATIONOPERATOR3D(#817,#818,#819,$,#820);
#822=IFCDIRECTION((-1.8369701987210297E-16,1.,0.));
#823=IFCDIRECTION((-1.,-1.8369701987210297E-16,0.));
#824=IFCCARTESIANPOINT((62.000000000000007,14.000000000000007,0.));
#825=IFCDIRECTION((0.,0.,1.));
#826=IFCCARTESIANTRANSFORMATIONOPERATOR3D(#822,#823,#824,$,#825);
#827=IFCDIRECTION((0.22252093395631509,0.97492791218182351,0.));
#828=IFCDIRECTION((-0.97492791218182351,0.22252093395631509,0.));
#829=IFCCARTESIANPOINT((55.706758247957737,6.1459346172962626,0.));
#830=IFCDIRECTION((0.,0.,1.));
#831=IFCCARTESIANTRANSFORMATIONOPERATOR3D(#827,#828,#829,$,#830);
#832=IFCDIRECTION((0.43388373911755795,0.90096886790241926,0.));
#833=IFCDIRECTION((-0.90096886790241926,0.43388373911755795,0.));
#834=IFCCARTESIANPOINT((47.82360724147054,-0.11083491612527041,0.));
#835=IFCDIRECTION((0.,0.,1.));
#836=IFCCARTESIANTRANSFORMATIONOPERATOR3D(#832,#833,#834,$,#835);
#837=IFCDIRECTION((0.62348980185873337,0.78183148246802991,0.));
#838=IFCDIRECTION((-0.78183148246802991,0.62348980185873337,0.));
#839=IFCCARTESIANPOINT((38.745841089175535,-4.4565680498645861,0.));
#840=IFCDIRECTION((0.,0.,1.));
#841=IFCCARTESIANTRANSFORMATIONOPERATOR3D(#837,#838,#839,$,#840);
#842=IFCDIRECTION((0.78183148246802969,0.62348980185873371,0.));
#843=IFCDIRECTION((-0.62348980185873371,0.78183148246802969,0.));
#844=IFCCARTESIANPOINT((28.928656891399168,-6.6733515783947368,0.));
#845=IFCDIRECTION((0.,0.,1.));
#846=IFCCARTESIANTRANSFORMATIONOPERATOR3D(#842,#843,#844,$,#845);
#847=IFCDIRECTION((0.90096886790241903,0.43388373911755834,0.));
#848=IFCDIRECTION((-0.43388373911755834,0.90096886790241903,0.));
#849=IFCCARTESIANPOINT((18.86432925680916,-6.6500267191133204,0.));
#850=IFCDIRECTION((0.,0.,1.));
#851=IFCCARTESIANTRANSFORMATIONOPERATOR3D(#847,#848,#849,$,#850);
#852=IFCDIRECTION((0.97492791218182373,0.22252093395631378,0.));
#853=IFCDIRECTION((-0.22252093395631378,0.97492791218182373,0.));
#854=IFCCARTESIANPOINT((9.0575255979761522,-4.3877630778608321,0.));
#855=IFCDIRECTION((0.,0.,1.));
#856=IFCCARTESIANTRANSFORMATIONOPERATOR3D(#852,#853,#854,$,#855);
#857=IFCCARTESIANPOINT((39.903293088490067,38.));
#858=IFCAXIS2PLACEMENT2D(#857,$);
#859=IFCRECTANGLEPROFILEDEF(.AREA.,$,#858,1.6000000000000001,1.6000000000000001);
#860=IFCCARTESIANPOINT((0.,0.,95.));
#861=IFCAXIS2PLACEMENT3D(#860,$,$);
#862=IFCDIRECTION((0.,0.,1.));
#863=IFCEXTRUDEDAREASOLID(#859,#861,#862,1.6000000000000001);
#864=IFCDIRECTION((1.,-0.,0.));
#865=IFCDIRECTION((0.,1.,0.));
#866=IFCCARTESIANPOINT((0.,0.,0.));
#867=IFCDIRECTION((0.,0.,1.));
#868=IFCCARTESIANTRANSFORMATIONOPERATOR3D(#864,#865,#866,$,#867);
#869=IFCDIRECTION((0.97492791218182362,-0.22252093395631439,0.));
#870=IFCDIRECTION((0.22252093395631439,0.97492791218182362,0.));
#871=IFCCARTESIANPOINT((-7.8540653827037161,6.293241752042249,0.));
#872=IFCDIRECTION((0.,0.,1.));
#873=IFCCARTESIANTRANSFORMATIONOPERATOR3D(#869,#870,#871,$,#872);
#874=IFCDIRECTION((0.90096886790241915,-0.43388373911755812,0.));
#875=IFCDIRECTION((0.43388373911755812,0.90096886790241915,0.));
#876=IFCCARTESIANPOINT((-14.11083491612527,14.176392758529467,0.));
#877=IFCDIRECTION((0.,0.,1.));
#878=IFCCARTESIANTRANSFORMATIONOPERATOR3D(#874,#875,#876,$,#877);
#879=IFCDIRECTION((0.7818314824680298,-0.62348980185873348,0.));
#880=IFCDIRECTION((0.62348980185873348,0.7818314824680298,0.));
#881=IFCCARTESIANPOINT((-18.456568049864586,23.254158910824472,0.));
#882=IFCDIRECTION((0.,0.,1.));
#883=IFCCARTESIANTRANSFORMATIONOPERATOR3D(#879,#880,#881,$,#882);
#884=IFCDIRECTION((0.62348980185873359,-0.7818314824680298,0.));
#885=IFCDIRECTION((0.7818314824680298,0.62348980185873359,0.));
#886=IFCCARTESIANPOINT((-20.673351578394737,33.071343108600843,0.));
#887=IFCDIRECTION((0.,0.,1.));
#888=IFCCARTESIANTRANSFORMATIONOPERATOR3D(#884,#885,#886,$,#887);
#889=IFCDIRECTION((0.43388373911755795,-0.90096886790241926,0.));
#890=IFCDIRECTION((0.90096886790241926,0.43388373911755795,0.));
#891=IFCCARTESIANPOINT((-20.650026719113328,43.135670743190857,0.));
#892=IFCDIRECTION((0.,0.,1.));
#893=IFCCARTESIANTRANSFORMATIONOPERATOR3D(#889,#890,#891,$,#892);
#894=IFCDIRECTION((0.22252093395631445,-0.97492791218182362,0.));
#895=IFCDIRECTION((0.97492791218182362,0.22252093395631445,0.));
#896=IFCCARTESIANPOINT((-18.387763077860839,52.942474402023819,0.));
#897=IFCDIRECTION((0.,0.,1.));
#898=IFCCARTESIANTRANSFORMATIONOPERATOR3D(#894,#895,#896,$,#897);
#899=IFCDIRECTION((6.123233995736766E-17,-1.,0.));
#900=IFCDIRECTION((1.,6.123233995736766E-17,0.));
#901=IFCCARTESIANPOINT((-14.,62.,0.));
#902=IFCDIRECTION((0.,0.,1.));
#903=IFCCARTESIANTRANSFORMATIONOPERATOR3D(#899,#900,#901,$,#902);
#904=IFCDIRECTION((-0.22252093395631434,-0.97492791218182362,0.));
#905=IFCDIRECTION((0.97492791218182362,-0.22252093395631434,0.));
#906=IFCCARTESIANPOINT((-7.706758247957751,69.854065382703709,0.));
#907=IFCDIRECTION((0.,0.,1.));
#908=IFCCARTESIANTRANSFORMATIONOPERATOR3D(#904,#905,#906,$,#907);
#909=IFCDIRECTION((-0.43388373911755806,-0.90096886790241915,0.));
#910=IFCDIRECTION((0.90096886790241915,-0.43388373911755806,0.));
#911=IFCCARTESIANPOINT((0.17639275852946668,76.11083491612527,0.));
#912=IFCDIRECTION((0.,0.,1.));
#913=IFCCARTESIANTRANSFORMATIONOPERATOR3D(#909,#910,#911,$,#912);
#914=IFCDIRECTION((-0.62348980185873382,-0.78183148246802958,0.));
#915=IFCDIRECTION((0.78183148246802958,-0.62348980185873382,0.));
#916=IFCCARTESIANPOINT((9.2541589108244864,80.4565680498646,0.));
#917=IFCDIRECTION((0.,0.,1.));
#918=IFCCARTESIANTRANSFORMATIONOPERATOR3D(#914,#915,#916,$,#917);
#919=IFCDIRECTION((-0.78183148246803003,-0.62348980185873326,0.));
#920=IFCDIRECTION((0.62348980185873326,-0.78183148246803003,0.));
#921=IFCCARTESIANPOINT((19.071343108600857,82.673351578394744,0.));
#922=IFCDIRECTION((0.,0.,1.));
#923=IFCCARTESIANTRANSFORMATIONOPERATOR3D(#919,#920,#921,$,#922);
#924=IFCDIRECTION((-0.90096886790241903,-0.43388373911755823,0.));
#925=IFCDIRECTION((0.43388373911755823,-0.90096886790241903,0.));
#926=IFCCARTESIANPOINT((29.135670743190843,82.650026719113313,0.));
#927=IFCDIRECTION((0.,0.,1.));
#928=IFCCARTESIANTRANSFORMATIONOPERATOR3D(#924,#925,#926,$,#927);
#929=IFCDIRECTION((-0.97492791218182362,-0.2225209339563145,0.));
#930=IFCDIRECTION((0.2225209339563145,-0.97492791218182362,0.));
#931=IFCCARTESIANPOINT((38.942474402023819,80.387763077860839,0.));
#932=IFCDIRECTION((0.,0.,1.));
#933=IFCCARTESIANTRANSFORMATIONOPERATOR3D(#929,#930,#931,$,#932);
#934=IFCDIRECTION((-1.,-1.2246467991473532E-16,0.));
#935=IFCDIRECTION((1.2246467991473532E-16,-1.,0.));
#936=IFCCARTESIANPOINT((48.,76.,0.));
#937=IFCDIRECTION((0.,0.,1.));
#938=IFCCARTESIANTRANSFORMATIONOPERATOR3D(#934,#935,#936,$,#937);
#939=IFCDIRECTION((-0.97492791218182362,0.22252093395631428,0.));
#940=IFCDIRECTION((-0.22252093395631428,-0.97492791218182362,0.));
#941=IFCCARTESIANPOINT((55.854065382703709,69.706758247957751,0.));
#942=IFCDIRECTION((0.,0.,1.));
#943=IFCCARTESIANTRANSFORMATIONOPERATOR3D(#939,#940,#941,$,#942);
#944=IFCDIRECTION((-0.90096886790241915,0.43388373911755801,0.));
#945=IFCDIRECTION((-0.43388373911755801,-0.90096886790241915,0.));
#946=IFCCARTESIANPOINT((62.110834916125263,61.823607241470533,0.));
#947=IFCDIRECTION((0.,0.,1.));
#948=IFCCARTESIANTRANSFORMATIONOPERATOR3D(#944,#945,#946,$,#947);
#949=IFCDIRECTION((-0.78183148246802958,0.62348980185873382,0.));
#950=IFCDIRECTION((-0.62348980185873382,-0.78183148246802958,0.));
#951=IFCCARTESIANPOINT((66.4565680498646,52.745841089175514,0.));
#952=IFCDIRECTION((0.,0.,1.));
#953=IFCCARTESIANTRANSFORMATIONOPERATOR3D(#949,#950,#951,$,#952);
#954=IFCDIRECTION((-0.62348980185873371,0.78183148246802969,0.));
#955=IFCDIRECTION((-0.78183148246802969,-0.62348980185873371,0.));
#956=IFCCARTESIANPOINT((68.673351578394744,42.928656891399172,0.));
#957=IFCDIRECTION((0.,0.,1.));
#958=IFCCARTESIANTRANSFORMATIONOPERATOR3D(#954,#955,#956,$,#957);
#959=IFCDIRECTION((-0.43388373911755745,0.90096886790241948,0.));
#960=IFCDIRECTION((-0.90096886790241948,-0.43388373911755745,0.));
#961=IFCCARTESIANPOINT((68.650026719113328,32.864329256809114,0.));
#962=IFCDIRECTION((0.,0.,1.));
#963=IFCCARTESIANTRANSFORMATIONOPERATOR3D(#959,#960,#961,$,#962);
#964=IFCDIRECTION((-0.2225209339563137,0.97492791218182373,0.));
#965=IFCDIRECTION((-0.97492791218182373,-0.2225209339563137,0.));
#966=IFCCARTESIANPOINT((66.387763077860825,23.057525597976149,0.));
#967=IFCDIRECTION((0.,0.,1.));
#968=IFCCARTESIANTRANSFORMATIONOPERATOR3D(#964,#965,#966,$,#967);
#969=IFCDIRECTION((-1.8369701987210297E-16,1.,0.));
#970=IFCDIRECTION((-1.,-1.8369701987210297E-16,0.));
#971=IFCCARTESIANPOINT((62.000000000000007,14.000000000000007,0.));
#972=IFCDIRECTION((0.,0.,1.));
#973=IFCCARTESIANTRANSFORMATIONOPERATOR3D(#969,#970,#971,$,#972);
#974=IFCDIRECTION((0.22252093395631509,0.97492791218182351,0.));
#975=IFCDIRECTION((-0.97492791218182351,0.22252093395631509,0.));
#976=IFCCARTESIANPOINT((55.706758247957737,6.1459346172962626,0.));
#977=IFCDIRECTION((0.,0.,1.));
#978=IFCCARTESIANTRANSFORMATIONOPERATOR3D(#974,#975,#976,$,#977);
#979=IFCDIRECTION((0.43388373911755795,0.90096886790241926,0.));
#980=IFCDIRECTION((-0.90096886790241926,0.43388373911755795,0.));
#981=IFCCARTESIANPOINT((47.82360724147054,-0.11083491612527041,0.));
#982=IFCDIRECTION((0.,0.,1.));
#983=IFCCARTESIANTRANSFORMATIONOPERATOR3D(#979,#980,#981,$,#982);
#984=IFCDIRECTION((0.62348980185873337,0.78183148246802991,0.));
#985=IFCDIRECTION((-0.78183148246802991,0.62348980185873337,0.));
#986=IFCCARTESIANPOINT((38.745841089175535,-4.4565680498645861,0.));
#987=IFCDIRECTION((0.,0.,1.));
#988=IFCCARTESIANTRANSFORMATIONOPERATOR3D(#984,#985,#986,$,#987);
#989=IFCDIRECTION((0.78183148246802969,0.62348980185873371,0.));
#990=IFCDIRECTION((-0.62348980185873371,0.78183148246802969,0.));
#991=IFCCARTESIANPOINT((28.928656891399168,-6.6733515783947368,0.));
#992=IFCDIRECTION((0.,0.,1.));
#993=IFCCARTESIANTRANSFORMATIONOPERATOR3D(#989,#990,#991,$,#992);
#994=IFCDIRECTION((0.90096886790241903,0.43388373911755834,0.));
#995=IFCDIRECTION((-0.43388373911755834,0.90096886790241903,0.));
#996=IFCCARTESIANPOINT((18.86432925680916,-6.6500267191133204,0.));
#997=IFCDIRECTION((0.,0.,1.));
#998=IFCCARTESIANTRANSFORMATIONOPERATOR3D(#994,#995,#996,$,#997);
#999=IFCDIRECTION((0.97492791218182373,0.22252093395631378,0.));
#1000=IFCDIRECTION((-0.22252093395631378,0.97492791218182373,0.));
#1001=IFCCARTESIANPOINT((9.0575255979761522,-4.3877630778608321,0.));
#1002=IFCDIRECTION((0.,0.,1.));
#1003=IFCCARTESIANTRANSFORMATIONOPERATOR3D(#999,#1000,#1001,$,#1002);
#1004=IFCCARTESIANPOINT((12.,3.));
#1005=IFCAXIS2PLACEMENT2D(#1004,$);
#1006=IFCRECTANGLEPROFILEDEF(.AREA.,$,#1005,2.,2.);
#1007=IFCCARTESIANPOINT((0.,0.,62.));
#1008=IFCAXIS2PLACEMENT3D(#1007,$,$);
#1009=IFCDIRECTION((0.,0.,1.));
#1010=IFCEXTRUDEDAREASOLID(#1006,#1008,#1009,10.);
#1011=IFCCARTESIANPOINT((0.,0.,0.));
#1012=IFCCARTESIANTRANSFORMATIONOPERATOR3D($,$,#1011,$,$);
#1013=IFCCARTESIANPOINT((3.5,0.,0.));
#1014=IFCCARTESIANTRANSFORMATIONOPERATOR3D($,$,#1013,$,$);
#1015=IFCCARTESIANPOINT((7.,0.,0.));
#1016=IFCCARTESIANTRANSFORMATIONOPERATOR3D($,$,#1015,$,$);
#1017=IFCCARTESIANPOINT((10.5,0.,0.));
#1018=IFCCARTESIANTRANSFORMATIONOPERATOR3D($,$,#1017,$,$);
#1019=IFCCARTESIANPOINT((14.,0.,0.));
#1020=IFCCARTESIANTRANSFORMATIONOPERATOR3D($,$,#1019,$,$);
#1021=IFCCARTESIANPOINT((17.5,0.,0.));
#1022=IFCCARTESIANTRANSFORMATIONOPERATOR3D($,$,#1021,$,$);
#1023=IFCCARTESIANPOINT((21.,0.,0.));
#1024=IFCCARTESIANTRANSFORMATIONOPERATOR3D($,$,#1023,$,$);
#1025=IFCCARTESIANPOINT((24.5,0.,0.));
#1026=IFCCARTESIANTRANSFORMATIONOPERATOR3D($,$,#1025,$,$);
#1027=IFCCARTESIANPOINT((12.,12.));
#1028=IFCAXIS2PLACEMENT2D(#1027,$);
#1029=IFCRECTANGLEPROFILEDEF(.AREA.,$,#1028,2.,2.);
#1030=IFCCARTESIANPOINT((0.,0.,62.));
#1031=IFCAXIS2PLACEMENT3D(#1030,$,$);
#1032=IFCDIRECTION((0.,0.,1.));
#1033=IFCEXTRUDEDAREASOLID(#1029,#1031,#1032,10.);
#1034=IFCCARTESIANPOINT((0.,0.,0.));
#1035=IFCCARTESIANTRANSFORMATIONOPERATOR3D($,$,#1034,$,$);
#1036=IFCCARTESIANPOINT((3.5,0.,0.));
#1037=IFCCARTESIANTRANSFORMATIONOPERATOR3D($,$,#1036,$,$);
#1038=IFCCARTESIANPOINT((7.,0.,0.));
#1039=IFCCARTESIANTRANSFORMATIONOPERATOR3D($,$,#1038,$,$);
#1040=IFCCARTESIANPOINT((10.5,0.,0.));
#1041=IFCCARTESIANTRANSFORMATIONOPERATOR3D($,$,#1040,$,$);
#1042=IFCCARTESIANPOINT((14.,0.,0.));
#1043=IFCCARTESIANTRANSFORMATIONOPERATOR3D($,$,#1042,$,$);
#1044=IFCCARTESIANPOINT((17.5,0.,0.));
#1045=IFCCARTESIANTRANSFORMATIONOPERATOR3D($,$,#1044,$,$);
#1046=IFCCARTESIANPOINT((21.,0.,0.));
#1047=IFCCARTESIANTRANSFORMATIONOPERATOR3D($,$,#1046,$,$);
#1048=IFCCARTESIANPOINT((24.5,0.,0.));
#1049=IFCCARTESIANTRANSFORMATIONOPERATOR3D($,$,#1048,$,$);
#1050=IFCCARTESIANPOINT((44.,38.,84.));
#1051=IFCCARTESIANPOINT((43.318516525781362,43.176380902050411,84.));
#1052=IFCCARTESIANPOINT((41.320508075688778,48.,84.));
#1053=IFCCARTESIANPOINT((38.142135623730951,52.142135623730951,84.));
#1054=IFCCARTESIANPOINT((34.,55.320508075688771,84.));
#1055=IFCCARTESIANPOINT((29.176380902050415,57.318516525781362,84.));
#1056=IFCCARTESIANPOINT((24.,58.,84.));
#1057=IFCCARTESIANPOINT((18.823619097949589,57.318516525781362,84.));
#1058=IFCCARTESIANPOINT((14.000000000000004,55.320508075688778,84.));
#1059=IFCCARTESIANPOINT((9.8578643762690508,52.142135623730951,84.));
#1060=IFCCARTESIANPOINT((6.6794919243112254,48.,84.));
#1061=IFCCARTESIANPOINT((4.6814834742186378,43.176380902050418,84.));
#1062=IFCCARTESIANPOINT((4.,38.,84.));
#1063=IFCCARTESIANPOINT((4.6814834742186342,32.823619097949582,84.));
#1064=IFCCARTESIANPOINT((6.6794919243112219,28.000000000000007,84.));
#1065=IFCCARTESIANPOINT((9.8578643762690419,23.857864376269056,84.));
#1066=IFCCARTESIANPOINT((13.999999999999991,20.679491924311229,84.));
#1067=IFCCARTESIANPOINT((18.823619097949589,18.681483474218634,84.));
#1068=IFCCARTESIANPOINT((23.999999999999996,18.,84.));
#1069=IFCCARTESIANPOINT((29.176380902050404,18.681483474218631,84.));
#1070=IFCCARTESIANPOINT((34.,20.679491924311229,84.));
#1071=IFCCARTESIANPOINT((38.142135623730951,23.857864376269045,84.));
#1072=IFCCARTESIANPOINT((41.320508075688764,27.999999999999993,84.));
#1073=IFCCARTESIANPOINT((43.318516525781362,32.823619097949567,84.));
#1074=IFCCARTESIANPOINT((42.734993995195197,38.,91.));
#1075=IFCCARTESIANPOINT((42.096614555329651,42.848973255837883,91.));
#1076=IFCCARTESIANPOINT((40.224980739587956,47.367496997597598,91.));
#1077=IFCCARTESIANPOINT((37.247641299491775,51.247641299491775,91.));
#1078=IFCCARTESIANPOINT((33.367496997597598,54.224980739587949,91.));
#1079=IFCCARTESIANPOINT((28.84897325583788,56.096614555329651,91.));
#1080=IFCCARTESIANPOINT((24.,56.734993995195197,91.));
#1081=IFCCARTESIANPOINT((19.15102674416212,56.096614555329651,91.));
#1082=IFCCARTESIANPOINT((14.632503002402405,54.224980739587956,91.));
#1083=IFCCARTESIANPOINT((10.75235870050823,51.247641299491775,91.));
#1084=IFCCARTESIANPOINT((7.7750192604120443,47.367496997597598,91.));
#1085=IFCCARTESIANPOINT((5.9033854446703486,42.848973255837883,91.));
#1086=IFCCARTESIANPOINT((5.2650060048048033,38.,91.));
#1087=IFCCARTESIANPOINT((5.9033854446703451,33.151026744162117,91.));
#1088=IFCCARTESIANPOINT((7.7750192604120443,28.632503002402409,91.));
#1089=IFCCARTESIANPOINT((10.752358700508221,24.752358700508236,91.));
#1090=IFCCARTESIANPOINT((14.632503002402393,21.775019260412048,91.));
#1091=IFCCARTESIANPOINT((19.15102674416212,19.903385444670345,91.));
#1092=IFCCARTESIANPOINT((23.999999999999996,19.265006004804803,91.));
#1093=IFCCARTESIANPOINT((28.848973255837873,19.903385444670345,91.));
#1094=IFCCARTESIANPOINT((33.367496997597598,21.775019260412048,91.));
#1095=IFCCARTESIANPOINT((37.247641299491768,24.752358700508225,91.));
#1096=IFCCARTESIANPOINT((40.224980739587949,28.632503002402395,91.));
#1097=IFCCARTESIANPOINT((42.096614555329651,33.151026744162102,91.));
#1098=IFCCARTESIANPOINT((40.,38.,96.));
#1099=IFCCARTESIANPOINT((39.454813220625091,42.141104721640332,96.));
#1100=IFCCARTESIANPOINT((37.856406460551021,46.,96.));
#1101=IFCCARTESIANPOINT((35.313708498984759,49.313708498984759,96.));
#1102=IFCCARTESIANPOINT((32.,51.856406460551014,96.));
#1103=IFCCARTESIANPOINT((28.141104721640332,53.454813220625091,96.));
#1104=IFCCARTESIANPOINT((24.,54.,96.));
#1105=IFCCARTESIANPOINT((19.858895278359668,53.454813220625091,96.));
#1106=IFCCARTESIANPOINT((16.000000000000004,51.856406460551021,96.));
#1107=IFCCARTESIANPOINT((12.686291501015241,49.313708498984759,96.));
#1108=IFCCARTESIANPOINT((10.143593539448981,46.,96.));
#1109=IFCCARTESIANPOINT((8.5451867793749088,42.141104721640339,96.));
#1110=IFCCARTESIANPOINT((8.,38.,96.));
#1111=IFCCARTESIANPOINT((8.545186779374907,33.858895278359668,96.));
#1112=IFCCARTESIANPOINT((10.143593539448979,30.000000000000004,96.));
#1113=IFCCARTESIANPOINT((12.686291501015234,26.686291501015248,96.));
#1114=IFCCARTESIANPOINT((15.999999999999993,24.143593539448986,96.));
#1115=IFCCARTESIANPOINT((19.858895278359668,22.545186779374909,96.));
#1116=IFCCARTESIANPOINT((23.999999999999996,22.,96.));
#1117=IFCCARTESIANPOINT((28.141104721640325,22.545186779374905,96.));
#1118=IFCCARTESIANPOINT((32.,24.143593539448982,96.));
#1119=IFCCARTESIANPOINT((35.313708498984759,26.686291501015237,96.));
#1120=IFCCARTESIANPOINT((37.856406460551014,29.999999999999993,96.));
#1121=IFCCARTESIANPOINT((39.454813220625091,33.858895278359654,96.));
#1122=IFCCARTESIANPOINT((36.,38.,100.));
#1123=IFCCARTESIANPOINT((35.59110991546882,41.105828541230245,100.));
#1124=IFCCARTESIANPOINT((34.392304845413264,44.,100.));
#1125=IFCCARTESIANPOINT((32.485281374238568,46.485281374238568,100.));
#1126=IFCCARTESIANPOINT((30.,48.392304845413264,100.));
#1127=IFCCARTESIANPOINT((27.105828541230249,49.59110991546882,100.));
#1128=IFCCARTESIANPOINT((24.,50.,100.));
#1129=IFCCARTESIANPOINT((20.894171458769755,49.59110991546882,100.));
#1130=IFCCARTESIANPOINT((18.000000000000004,48.392304845413264,100.));
#1131=IFCCARTESIANPOINT((15.514718625761432,46.485281374238568,100.));
#1132=IFCCARTESIANPOINT((13.607695154586738,44.,100.));
#1133=IFCCARTESIANPOINT((12.408890084531185,41.105828541230252,100.));
#1134=IFCCARTESIANPOINT((12.000000000000004,38.,100.));
#1135=IFCCARTESIANPOINT((12.408890084531183,34.894171458769755,100.));
#1136=IFCCARTESIANPOINT((13.607695154586738,32.000000000000007,100.));
#1137=IFCCARTESIANPOINT((15.514718625761427,29.514718625761439,100.));
#1138=IFCCARTESIANPOINT((17.999999999999996,27.607695154586743,100.));
#1139=IFCCARTESIANPOINT((20.894171458769755,26.408890084531183,100.));
#1140=IFCCARTESIANPOINT((23.999999999999996,26.000000000000004,100.));
#1141=IFCCARTESIANPOINT((27.105828541230242,26.40889008453118,100.));
#1142=IFCCARTESIANPOINT((30.,27.60769515458674,100.));
#1143=IFCCARTESIANPOINT((32.485281374238568,29.514718625761432,100.));
#1144=IFCCARTESIANPOINT((34.392304845413257,31.999999999999996,100.));
#1145=IFCCARTESIANPOINT((35.591109915468813,34.89417145876974,100.));
#1146=IFCCARTESIANPOINT((31.351190379795639,38.,102.59999999999999));
#1147=IFCCARTESIANPOINT((31.100704641812353,39.902628074465547,102.59999999999999));
#1148=IFCCARTESIANPOINT((30.366317616958799,41.67559518989782,102.59999999999999));
#1149=IFCCARTESIANPOINT((29.19807656734681,43.19807656734681,102.59999999999999));
#1150=IFCCARTESIANPOINT((27.67559518989782,44.366317616958796,102.59999999999999));
#1151=IFCCARTESIANPOINT((25.902628074465543,45.100704641812356,102.59999999999999));
#1152=IFCCARTESIANPOINT((24.,45.351190379795639,102.59999999999999));
#1153=IFCCARTESIANPOINT((22.097371925534457,45.100704641812356,102.59999999999999));
#1154=IFCCARTESIANPOINT((20.32440481010218,44.366317616958803,102.59999999999999));
#1155=IFCCARTESIANPOINT((18.80192343265319,43.19807656734681,102.59999999999999));
#1156=IFCCARTESIANPOINT((17.633682383041201,41.67559518989782,102.59999999999999));
#1157=IFCCARTESIANPOINT((16.899295358187647,39.902628074465547,102.59999999999999));
#1158=IFCCARTESIANPOINT((16.648809620204361,38.,102.59999999999999));
#1159=IFCCARTESIANPOINT((16.899295358187647,36.097371925534453,102.59999999999999));
#1160=IFCCARTESIANPOINT((17.633682383041197,34.32440481010218,102.59999999999999));
#1161=IFCCARTESIANPOINT((18.80192343265319,32.801923432653197,102.59999999999999));
#1162=IFCCARTESIANPOINT((20.324404810102177,31.633682383041201,102.59999999999999));
#1163=IFCCARTESIANPOINT((22.097371925534457,30.899295358187647,102.59999999999999));
#1164=IFCCARTESIANPOINT((24.,30.648809620204361,102.59999999999999));
#1165=IFCCARTESIANPOINT((25.902628074465539,30.899295358187647,102.59999999999999));
#1166=IFCCARTESIANPOINT((27.67559518989782,31.633682383041201,102.59999999999999));
#1167=IFCCARTESIANPOINT((29.198076567346806,32.80192343265319,102.59999999999999));
#1168=IFCCARTESIANPOINT((30.366317616958796,34.32440481010218,102.59999999999999));
#1169=IFCCARTESIANPOINT((31.100704641812349,36.097371925534446,102.59999999999999));
#1170=IFCCARTESIANPOINT((24.800000000000001,38.,104.));
#1171=IFCCARTESIANPOINT((24.772740661031253,38.207055236082013,104.));
#1172=IFCCARTESIANPOINT((24.692820323027551,38.399999999999999,104.));
#1173=IFCCARTESIANPOINT((24.565685424949237,38.565685424949237,104.));
#1174=IFCCARTESIANPOINT((24.399999999999999,38.692820323027554,104.));
#1175=IFCCARTESIANPOINT((24.207055236082017,38.772740661031257,104.));
#1176=IFCCARTESIANPOINT((24.,38.799999999999997,104.));
#1177=IFCCARTESIANPOINT((23.792944763917983,38.772740661031257,104.));
#1178=IFCCARTESIANPOINT((23.600000000000001,38.692820323027554,104.));
#1179=IFCCARTESIANPOINT((23.434314575050763,38.565685424949237,104.));
#1180=IFCCARTESIANPOINT((23.307179676972449,38.399999999999999,104.));
#1181=IFCCARTESIANPOINT((23.227259338968747,38.20705523608202,104.));
#1182=IFCCARTESIANPOINT((23.199999999999999,38.,104.));
#1183=IFCCARTESIANPOINT((23.227259338968747,37.79294476391798,104.));
#1184=IFCCARTESIANPOINT((23.307179676972449,37.600000000000001,104.));
#1185=IFCCARTESIANPOINT((23.434314575050763,37.434314575050763,104.));
#1186=IFCCARTESIANPOINT((23.600000000000001,37.307179676972446,104.));
#1187=IFCCARTESIANPOINT((23.792944763917983,37.227259338968743,104.));
#1188=IFCCARTESIANPOINT((24.,37.200000000000003,104.));
#1189=IFCCARTESIANPOINT((24.207055236082017,37.227259338968743,104.));
#1190=IFCCARTESIANPOINT((24.399999999999999,37.307179676972446,104.));
#1191=IFCCARTESIANPOINT((24.565685424949237,37.434314575050763,104.));
#1192=IFCCARTESIANPOINT((24.692820323027551,37.600000000000001,104.));
#1193=IFCCARTESIANPOINT((24.772740661031253,37.79294476391798,104.));
#1194=IFCPOLYLOOP((#1073,#1072,#1071,#1070,#1069,#1068,#1067,#1066,#1065,#1064,#1063,#1062,#1061,#1060,#1059,#1058,#1057,#1056,#1055,#1054,#1053,#1052,#1051,#1050));
#1195=IFCFACEOUTERBOUND(#1194,.T.);
#1196=IFCFACE((#1195));
#1197=IFCPOLYLOOP((#1050,#1051,#1075,#1074));
#1198=IFCFACEOUTERBOUND(#1197,.T.);
#1199=IFCFACE((#1198));
#1200=IFCPOLYLOOP((#1051,#1052,#1076,#1075));
#1201=IFCFACEOUTERBOUND(#1200,.T.);
#1202=IFCFACE((#1201));
#1203=IFCPOLYLOOP((#1052,#1053,#1077,#1076));
#1204=IFCFACEOUTERBOUND(#1203,.T.);
#1205=IFCFACE((#1204));
#1206=IFCPOLYLOOP((#1053,#1054,#1078,#1077));
#1207=IFCFACEOUTERBOUND(#1206,.T.);
#1208=IFCFACE((#1207));
#1209=IFCPOLYLOOP((#1054,#1055,#1079,#1078));
#1210=IFCFACEOUTERBOUND(#1209,.T.);
#1211=IFCFACE((#1210));
#1212=IFCPOLYLOOP((#1055,#1056,#1080,#1079));
#1213=IFCFACEOUTERBOUND(#1212,.T.);
#1214=IFCFACE((#1213));
#1215=IFCPOLYLOOP((#1056,#1057,#1081,#1080));
#1216=IFCFACEOUTERBOUND(#1215,.T.);
#1217=IFCFACE((#1216));
#1218=IFCPOLYLOOP((#1057,#1058,#1082,#1081));
#1219=IFCFACEOUTERBOUND(#1218,.T.);
#1220=IFCFACE((#1219));
#1221=IFCPOLYLOOP((#1058,#1059,#1083,#1082));
#1222=IFCFACEOUTERBOUND(#1221,.T.);
#1223=IFCFACE((#1222));
#1224=IFCPOLYLOOP((#1059,#1060,#1084,#1083));
#1225=IFCFACEOUTERBOUND(#1224,.T.);
#1226=IFCFACE((#1225));
#1227=IFCPOLYLOOP((#1060,#1061,#1085,#1084));
#1228=IFCFACEOUTERBOUND(#1227,.T.);
#1229=IFCFACE((#1228));
#1230=IFCPOLYLOOP((#1061,#1062,#1086,#1085));
#1231=IFCFACEOUTERBOUND(#1230,.T.);
#1232=IFCFACE((#1231));
#1233=IFCPOLYLOOP((#1062,#1063,#1087,#1086));
#1234=IFCFACEOUTERBOUND(#1233,.T.);
#1235=IFCFACE((#1234));
#1236=IFCPOLYLOOP((#1063,#1064,#1088,#1087));
#1237=IFCFACEOUTERBOUND(#1236,.T.);
#1238=IFCFACE((#1237));
#1239=IFCPOLYLOOP((#1064,#1065,#1089,#1088));
#1240=IFCFACEOUTERBOUND(#1239,.T.);
#1241=IFCFACE((#1240));
#1242=IFCPOLYLOOP((#1065,#1066,#1090,#1089));
#1243=IFCFACEOUTERBOUND(#1242,.T.);
#1244=IFCFACE((#1243));
#1245=IFCPOLYLOOP((#1066,#1067,#1091,#1090));
#1246=IFCFACEOUTERBOUND(#1245,.T.);
#1247=IFCFACE((#1246));
#1248=IFCPOLYLOOP((#1067,#1068,#1092,#1091));
#1249=IFCFACEOUTERBOUND(#1248,.T.);
#1250=IFCFACE((#1249));
#1251=IFCPOLYLOOP((#1068,#1069,#1093,#1092));
#1252=IFCFACEOUTERBOUND(#1251,.T.);
#1253=IFCFACE((#1252));
#1254=IFCPOLYLOOP((#1069,#1070,#1094,#1093));
#1255=IFCFACEOUTERBOUND(#1254,.T.);
#1256=IFCFACE((#1255));
#1257=IFCPOLYLOOP((#1070,#1071,#1095,#1094));
#1258=IFCFACEOUTERBOUND(#1257,.T.);
#1259=IFCFACE((#1258));
#1260=IFCPOLYLOOP((#1071,#1072,#1096,#1095));
#1261=IFCFACEOUTERBOUND(#1260,.T.);
#1262=IFCFACE((#1261));
#1263=IFCPOLYLOOP((#1072,#1073,#1097,#1096));
#1264=IFCFACEOUTERBOUND(#1263,.T.);
#1265=IFCFACE((#1264));
#1266=IFCPOLYLOOP((#1073,#1050,#1074,#1097));
#1267=IFCFACEOUTERBOUND(#1266,.T.);
#1268=IFCFACE((#1267));
#1269=IFCPOLYLOOP((#1074,#1075,#1099,#1098));
#1270=IFCFACEOUTERBOUND(#1269,.T.);
#1271=IFCFACE((#1270));
#1272=IFCPOLYLOOP((#1075,#1076,#1100,#1099));
#1273=IFCFACEOUTERBOUND(#1272,.T.);
#1274=IFCFACE((#1273));
#1275=IFCPOLYLOOP((#1076,#1077,#1101,#1100));
#1276=IFCFACEOUTERBOUND(#1275,.T.);
#1277=IFCFACE((#1276));
#1278=IFCPOLYLOOP((#1077,#1078,#1102,#1101));
#1279=IFCFACEOUTERBOUND(#1278,.T.);
#1280=IFCFACE((#1279));
#1281=IFCPOLYLOOP((#1078,#1079,#1103,#1102));
#1282=IFCFACEOUTERBOUND(#1281,.T.);
#1283=IFCFACE((#1282));
#1284=IFCPOLYLOOP((#1079,#1080,#1104,#1103));
#1285=IFCFACEOUTERBOUND(#1284,.T.);
#1286=IFCFACE((#1285));
#1287=IFCPOLYLOOP((#1080,#1081,#1105,#1104));
#1288=IFCFACEOUTERBOUND(#1287,.T.);
#1289=IFCFACE((#1288));
#1290=IFCPOLYLOOP((#1081,#1082,#1106,#1105));
#1291=IFCFACEOUTERBOUND(#1290,.T.);
#1292=IFCFACE((#1291));
#1293=IFCPOLYLOOP((#1082,#1083,#1107,#1106));
#1294=IFCFACEOUTERBOUND(#1293,.T.);
#1295=IFCFACE((#1294));
#1296=IFCPOLYLOOP((#1083,#1084,#1108,#1107));
#1297=IFCFACEOUTERBOUND(#1296,.T.);
#1298=IFCFACE((#1297));
#1299=IFCPOLYLOOP((#1084,#1085,#1109,#1108));
#1300=IFCFACEOUTERBOUND(#1299,.T.);
#1301=IFCFACE((#1300));
#1302=IFCPOLYLOOP((#1085,#1086,#1110,#1109));
#1303=IFCFACEOUTERBOUND(#1302,.T.);
#1304=IFCFACE((#1303));
#1305=IFCPOLYLOOP((#1086,#1087,#1111,#1110));
#1306=IFCFACEOUTERBOUND(#1305,.T.);
#1307=IFCFACE((#1306));
#1308=IFCPOLYLOOP((#1087,#1088,#1112,#1111));
#1309=IFCFACEOUTERBOUND(#1308,.T.);
#1310=IFCFACE((#1309));
#1311=IFCPOLYLOOP((#1088,#1089,#1113,#1112));
#1312=IFCFACEOUTERBOUND(#1311,.T.);
#1313=IFCFACE((#1312));
#1314=IFCPOLYLOOP((#1089,#1090,#1114,#1113));
#1315=IFCFACEOUTERBOUND(#1314,.T.);
#1316=IFCFACE((#1315));
#1317=IFCPOLYLOOP((#1090,#1091,#1115,#1114));
#1318=IFCFACEOUTERBOUND(#1317,.T.);
#1319=IFCFACE((#1318));
#1320=IFCPOLYLOOP((#1091,#1092,#1116,#1115));
#1321=IFCFACEOUTERBOUND(#1320,.T.);
#1322=IFCFACE((#1321));
#1323=IFCPOLYLOOP((#1092,#1093,#1117,#1116));
#1324=IFCFACEOUTERBOUND(#1323,.T.);
#1325=IFCFACE((#1324));
#1326=IFCPOLYLOOP((#1093,#1094,#1118,#1117));
#1327=IFCFACEOUTERBOUND(#1326,.T.);
#1328=IFCFACE((#1327));
#1329=IFCPOLYLOOP((#1094,#1095,#1119,#1118));
#1330=IFCFACEOUTERBOUND(#1329,.T.);
#1331=IFCFACE((#1330));
#1332=IFCPOLYLOOP((#1095,#1096,#1120,#1119));
#1333=IFCFACEOUTERBOUND(#1332,.T.);
#1334=IFCFACE((#1333));
#1335=IFCPOLYLOOP((#1096,#1097,#1121,#1120));
#1336=IFCFACEOUTERBOUND(#1335,.T.);
#1337=IFCFACE((#1336));
#1338=IFCPOLYLOOP((#1097,#1074,#1098,#1121));
#1339=IFCFACEOUTERBOUND(#1338,.T.);
#1340=IFCFACE((#1339));
#1341=IFCPOLYLOOP((#1098,#1099,#1123,#1122));
#1342=IFCFACEOUTERBOUND(#1341,.T.);
#1343=IFCFACE((#1342));
#1344=IFCPOLYLOOP((#1099,#1100,#1124,#1123));
#1345=IFCFACEOUTERBOUND(#1344,.T.);
#1346=IFCFACE((#1345));
#1347=IFCPOLYLOOP((#1100,#1101,#1125,#1124));
#1348=IFCFACEOUTERBOUND(#1347,.T.);
#1349=IFCFACE((#1348));
#1350=IFCPOLYLOOP((#1101,#1102,#1126,#1125));
#1351=IFCFACEOUTERBOUND(#1350,.T.);
#1352=IFCFACE((#1351));
#1353=IFCPOLYLOOP((#1102,#1103,#1127,#1126));
#1354=IFCFACEOUTERBOUND(#1353,.T.);
#1355=IFCFACE((#1354));
#1356=IFCPOLYLOOP((#1103,#1104,#1128,#1127));
#1357=IFCFACEOUTERBOUND(#1356,.T.);
#1358=IFCFACE((#1357));
#1359=IFCPOLYLOOP((#1104,#1105,#1129,#1128));
#1360=IFCFACEOUTERBOUND(#1359,.T.);
#1361=IFCFACE((#1360));
#1362=IFCPOLYLOOP((#1105,#1106,#1130,#1129));
#1363=IFCFACEOUTERBOUND(#1362,.T.);
#1364=IFCFACE((#1363));
#1365=IFCPOLYLOOP((#1106,#1107,#1131,#1130));
#1366=IFCFACEOUTERBOUND(#1365,.T.);
#1367=IFCFACE((#1366));
#1368=IFCPOLYLOOP((#1107,#1108,#1132,#1131));
#1369=IFCFACEOUTERBOUND(#1368,.T.);
#1370=IFCFACE((#1369));
#1371=IFCPOLYLOOP((#1108,#1109,#1133,#1132));
#1372=IFCFACEOUTERBOUND(#1371,.T.);
#1373=IFCFACE((#1372));
#1374=IFCPOLYLOOP((#1109,#1110,#1134,#1133));
#1375=IFCFACEOUTERBOUND(#1374,.T.);
#1376=IFCFACE((#1375));
#1377=IFCPOLYLOOP((#1110,#1111,#1135,#1134));
#1378=IFCFACEOUTERBOUND(#1377,.T.);
#1379=IFCFACE((#1378));
#1380=IFCPOLYLOOP((#1111,#1112,#1136,#1135));
#1381=IFCFACEOUTERBOUND(#1380,.T.);
#1382=IFCFACE((#1381));
#1383=IFCPOLYLOOP((#1112,#1113,#1137,#1136));
#1384=IFCFACEOUTERBOUND(#1383,.T.);
#1385=IFCFACE((#1384));
#1386=IFCPOLYLOOP((#1113,#1114,#1138,#1137));
#1387=IFCFACEOUTERBOUND(#1386,.T.);
#1388=IFCFACE((#1387));
#1389=IFCPOLYLOOP((#1114,#1115,#1139,#1138));
#1390=IFCFACEOUTERBOUND(#1389,.T.);
#1391=IFCFACE((#1390));
#1392=IFCPOLYLOOP((#1115,#1116,#1140,#1139));
#1393=IFCFACEOUTERBOUND(#1392,.T.);
#1394=IFCFACE((#1393));
#1395=IFCPOLYLOOP((#1116,#1117,#1141,#1140));
#1396=IFCFACEOUTERBOUND(#1395,.T.);
#1397=IFCFACE((#1396));
#1398=IFCPOLYLOOP((#1117,#1118,#1142,#1141));
#1399=IFCFACEOUTERBOUND(#1398,.T.);
#1400=IFCFACE((#1399));
#1401=IFCPOLYLOOP((#1118,#1119,#1143,#1142));
#1402=IFCFACEOUTERBOUND(#1401,.T.);
#1403=IFCFACE((#1402));
#1404=IFCPOLYLOOP((#1119,#1120,#1144,#1143));
#1405=IFCFACEOUTERBOUND(#1404,.T.);
#1406=IFCFACE((#1405));
#1407=IFCPOLYLOOP((#1120,#1121,#1145,#1144));
#1408=IFCFACEOUTERBOUND(#1407,.T.);
#1409=IFCFACE((#1408));
#1410=IFCPOLYLOOP((#1121,#1098,#1122,#1145));
#1411=IFCFACEOUTERBOUND(#1410,.T.);
#1412=IFCFACE((#1411));
#1413=IFCPOLYLOOP((#1122,#1123,#1147,#1146));
#1414=IFCFACEOUTERBOUND(#1413,.T.);
#1415=IFCFACE((#1414));
#1416=IFCPOLYLOOP((#1123,#1124,#1148,#1147));
#1417=IFCFACEOUTERBOUND(#1416,.T.);
#1418=IFCFACE((#1417));
#1419=IFCPOLYLOOP((#1124,#1125,#1149,#1148));
#1420=IFCFACEOUTERBOUND(#1419,.T.);
#1421=IFCFACE((#1420));
#1422=IFCPOLYLOOP((#1125,#1126,#1150,#1149));
#1423=IFCFACEOUTERBOUND(#1422,.T.);
#1424=IFCFACE((#1423));
#1425=IFCPOLYLOOP((#1126,#1127,#1151,#1150));
#1426=IFCFACEOUTERBOUND(#1425,.T.);
#1427=IFCFACE((#1426));
#1428=IFCPOLYLOOP((#1127,#1128,#1152,#1151));
#1429=IFCFACEOUTERBOUND(#1428,.T.);
#1430=IFCFACE((#1429));
#1431=IFCPOLYLOOP((#1128,#1129,#1153,#1152));
#1432=IFCFACEOUTERBOUND(#1431,.T.);
#1433=IFCFACE((#1432));
#1434=IFCPOLYLOOP((#1129,#1130,#1154,#1153));
#1435=IFCFACEOUTERBOUND(#1434,.T.);
#1436=IFCFACE((#1435));
#1437=IFCPOLYLOOP((#1130,#1131,#1155,#1154));
#1438=IFCFACEOUTERBOUND(#1437,.T.);
#1439=IFCFACE((#1438));
#1440=IFCPOLYLOOP((#1131,#1132,#1156,#1155));
#1441=IFCFACEOUTERBOUND(#1440,.T.);
#1442=IFCFACE((#1441));
#1443=IFCPOLYLOOP((#1132,#1133,#1157,#1156));
#1444=IFCFACEOUTERBOUND(#1443,.T.);
#1445=IFCFACE((#1444));
#1446=IFCPOLYLOOP((#1133,#1134,#1158,#1157));
#1447=IFCFACEOUTERBOUND(#1446,.T.);
#1448=IFCFACE((#1447));
#1449=IFCPOLYLOOP((#1134,#1135,#1159,#1158));
#1450=IFCFACEOUTERBOUND(#1449,.T.);
#1451=IFCFACE((#1450));
#1452=IFCPOLYLOOP((#1135,#1136,#1160,#1159));
#1453=IFCFACEOUTERBOUND(#1452,.T.);
#1454=IFCFACE((#1453));
#1455=IFCPOLYLOOP((#1136,#1137,#1161,#1160));
#1456=IFCFACEOUTERBOUND(#1455,.T.);
#1457=IFCFACE((#1456));
#1458=IFCPOLYLOOP((#1137,#1138,#1162,#1161));
#1459=IFCFACEOUTERBOUND(#1458,.T.);
#1460=IFCFACE((#1459));
#1461=IFCPOLYLOOP((#1138,#1139,#1163,#1162));
#1462=IFCFACEOUTERBOUND(#1461,.T.);
#1463=IFCFACE((#1462));
#1464=IFCPOLYLOOP((#1139,#1140,#1164,#1163));
#1465=IFCFACEOUTERBOUND(#1464,.T.);
#1466=IFCFACE((#1465));
#1467=IFCPOLYLOOP((#1140,#1141,#1165,#1164));
#1468=IFCFACEOUTERBOUND(#1467,.T.);
#1469=IFCFACE((#1468));
#1470=IFCPOLYLOOP((#1141,#1142,#1166,#1165));
#1471=IFCFACEOUTERBOUND(#1470,.T.);
#1472=IFCFACE((#1471));
#1473=IFCPOLYLOOP((#1142,#1143,#1167,#1166));
#1474=IFCFACEOUTERBOUND(#1473,.T.);
#1475=IFCFACE((#1474));
#1476=IFCPOLYLOOP((#1143,#1144,#1168,#1167));
#1477=IFCFACEOUTERBOUND(#1476,.T.);
#1478=IFCFACE((#1477));
#1479=IFCPOLYLOOP((#1144,#1145,#1169,#1168));
#1480=IFCFACEOUTERBOUND(#1479,.T.);
#1481=IFCFACE((#1480));
#1482=IFCPOLYLOOP((#1145,#1122,#1146,#1169));
#1483=IFCFACEOUTERBOUND(#1482,.T.);
#1484=IFCFACE((#1483));
#1485=IFCPOLYLOOP((#1146,#1147,#1171,#1170));
#1486=IFCFACEOUTERBOUND(#1485,.T.);
#1487=IFCFACE((#1486));
#1488=IFCPOLYLOOP((#1147,#1148,#1172,#1171));
#1489=IFCFACEOUTERBOUND(#1488,.T.);
#1490=IFCFACE((#1489));
#1491=IFCPOLYLOOP((#1148,#1149,#1173,#1172));
#1492=IFCFACEOUTERBOUND(#1491,.T.);
#1493=IFCFACE((#1492));
#1494=IFCPOLYLOOP((#1149,#1150,#1174,#1173));
#1495=IFCFACEOUTERBOUND(#1494,.T.);
#1496=IFCFACE((#1495));
#1497=IFCPOLYLOOP((#1150,#1151,#1175,#1174));
#1498=IFCFACEOUTERBOUND(#1497,.T.);
#1499=IFCFACE((#1498));
#1500=IFCPOLYLOOP((#1151,#1152,#1176,#1175));
#1501=IFCFACEOUTERBOUND(#1500,.T.);
#1502=IFCFACE((#1501));
#1503=IFCPOLYLOOP((#1152,#1153,#1177,#1176));
#1504=IFCFACEOUTERBOUND(#1503,.T.);
#1505=IFCFACE((#1504));
#1506=IFCPOLYLOOP((#1153,#1154,#1178,#1177));
#1507=IFCFACEOUTERBOUND(#1506,.T.);
#1508=IFCFACE((#1507));
#1509=IFCPOLYLOOP((#1154,#1155,#1179,#1178));
#1510=IFCFACEOUTERBOUND(#1509,.T.);
#1511=IFCFACE((#1510));
#1512=IFCPOLYLOOP((#1155,#1156,#1180,#1179));
#1513=IFCFACEOUTERBOUND(#1512,.T.);
#1514=IFCFACE((#1513));
#1515=IFCPOLYLOOP((#1156,#1157,#1181,#1180));
#1516=IFCFACEOUTERBOUND(#1515,.T.);
#1517=IFCFACE((#1516));
#1518=IFCPOLYLOOP((#1157,#1158,#1182,#1181));
#1519=IFCFACEOUTERBOUND(#1518,.T.);
#1520=IFCFACE((#1519));
#1521=IFCPOLYLOOP((#1158,#1159,#1183,#1182));
#1522=IFCFACEOUTERBOUND(#1521,.T.);
#1523=IFCFACE((#1522));
#1524=IFCPOLYLOOP((#1159,#1160,#1184,#1183));
#1525=IFCFACEOUTERBOUND(#1524,.T.);
#1526=IFCFACE((#1525));
#1527=IFCPOLYLOOP((#1160,#1161,#1185,#1184));
#1528=IFCFACEOUTERBOUND(#1527,.T.);
#1529=IFCFACE((#1528));
#1530=IFCPOLYLOOP((#1161,#1162,#1186,#1185));
#1531=IFCFACEOUTERBOUND(#1530,.T.);
#1532=IFCFACE((#1531));
#1533=IFCPOLYLOOP((#1162,#1163,#1187,#1186));
#1534=IFCFACEOUTERBOUND(#1533,.T.);
#1535=IFCFACE((#1534));
#1536=IFCPOLYLOOP((#1163,#1164,#1188,#1187));
#1537=IFCFACEOUTERBOUND(#1536,.T.);
#1538=IFCFACE((#1537));
#1539=IFCPOLYLOOP((#1164,#1165,#1189,#1188));
#1540=IFCFACEOUTERBOUND(#1539,.T.);
#1541=IFCFACE((#1540));
#1542=IFCPOLYLOOP((#1165,#1166,#1190,#1189));
#1543=IFCFACEOUTERBOUND(#1542,.T.);
#1544=IFCFACE((#1543));
#1545=IFCPOLYLOOP((#1166,#1167,#1191,#1190));
#1546=IFCFACEOUTERBOUND(#1545,.T.);
#1547=IFCFACE((#1546));
#1548=IFCPOLYLOOP((#1167,#1168,#1192,#1191));
#1549=IFCFACEOUTERBOUND(#1548,.T.);
#1550=IFCFACE((#1549));
#1551=IFCPOLYLOOP((#1168,#1169,#1193,#1192));
#1552=IFCFACEOUTERBOUND(#1551,.T.);
#1553=IFCFACE((#1552));
#1554=IFCPOLYLOOP((#1169,#1146,#1170,#1193));
#1555=IFCFACEOUTERBOUND(#1554,.T.);
#1556=IFCFACE((#1555));
#1557=IFCPOLYLOOP((#1170,#1171,#1172,#1173,#1174,#1175,#1176,#1177,#1178,#1179,#1180,#1181,#1182,#1183,#1184,#1185,#1186,#1187,#1188,#1189,#1190,#1191,#1192,#1193));
#1558=IFCFACEOUTERBOUND(#1557,.T.);
#1559=IFCFACE((#1558));
#1560=IFCCLOSEDSHELL((#1196,#1199,#1202,#1205,#1208,#1211,#1214,#1217,#1220,#1223,#1226,#1229,#1232,#1235,#1238,#1241,#1244,#1247,#1250,#1253,#1256,#1259,#1262,#1265,#1268,#1271,#1274,#1277,#1280,#1283,#1286,#1289,#1292,#1295,#1298,#1301,#1304,#1307,#1310,#1313,#1316,#1319,#1322,#1325,#1328,#1331,#1334,#1337,#1340,#1343,#1346,#1349,#1352,#1355,#1358,#1361,#1364,#1367,#1370,#1373,#1376,#1379,#1382,#1385,#1388,#1391,#1394,#1397,#1400,#1403,#1406,#1409,#1412,#1415,#1418,#1421,#1424,#1427,#1430,#1433,#1436,#1439,#1442,#1445,#1448,#1451,#1454,#1457,#1460,#1463,#1466,#1469,#1472,#1475,#1478,#1481,#1484,#1487,#1490,#1493,#1496,#1499,#1502,#1505,#1508,#1511,#1514,#1517,#1520,#1523,#1526,#1529,#1532,#1535,#1538,#1541,#1544,#1547,#1550,#1553,#1556,#1559));
#1561=IFCFACETEDBREP(#1560);
#1562=IFCCARTESIANPOINT((47.,38.,84.));
#1563=IFCCARTESIANPOINT((46.216294004648574,43.952838037357978,84.));
#1564=IFCCARTESIANPOINT((43.918584287042094,49.5,84.));
#1565=IFCCARTESIANPOINT((40.263455967290597,54.263455967290597,84.));
#1566=IFCCARTESIANPOINT((35.5,57.918584287042087,84.));
#1567=IFCCARTESIANPOINT((29.952838037357978,60.216294004648574,84.));
#1568=IFCCARTESIANPOINT((24.,61.,84.));
#1569=IFCCARTESIANPOINT((18.047161962642026,60.216294004648574,84.));
#1570=IFCCARTESIANPOINT((12.500000000000005,57.918584287042094,84.));
#1571=IFCCARTESIANPOINT((7.736544032709407,54.263455967290597,84.));
#1572=IFCCARTESIANPOINT((4.0814157129579094,49.5,84.));
#1573=IFCCARTESIANPOINT((1.7837059953514327,43.952838037357985,84.));
#1574=IFCCARTESIANPOINT((1.,38.,84.));
#1575=IFCCARTESIANPOINT((1.7837059953514292,32.047161962642022,84.));
#1576=IFCCARTESIANPOINT((4.0814157129579058,26.500000000000007,84.));
#1577=IFCCARTESIANPOINT((7.7365440327093964,21.736544032709418,84.));
#1578=IFCCARTESIANPOINT((12.499999999999989,18.081415712957916,84.));
#1579=IFCCARTESIANPOINT((18.047161962642026,15.783705995351429,84.));
#1580=IFCCARTESIANPOINT((23.999999999999996,15.,84.));
#1581=IFCCARTESIANPOINT((29.952838037357967,15.783705995351426,84.));
#1582=IFCCARTESIANPOINT((35.5,18.081415712957913,84.));
#1583=IFCCARTESIANPOINT((40.263455967290589,21.736544032709403,84.));
#1584=IFCCARTESIANPOINT((43.91858428704208,26.499999999999989,84.));
#1585=IFCCARTESIANPOINT((46.216294004648567,32.047161962642001,84.));
#1586=IFCCARTESIANPOINT((45.545243094474472,38.,92.049999999999997));
#1587=IFCCARTESIANPOINT((44.8111067386291,43.576319244213565,92.049999999999997));
#1588=IFCCARTESIANPOINT((42.658727850526148,48.772621547237236,92.049999999999997));
#1589=IFCCARTESIANPOINT((39.234787494415542,53.234787494415542,92.049999999999997));
#1590=IFCCARTESIANPOINT((34.772621547237236,56.658727850526148,92.049999999999997));
#1591=IFCCARTESIANPOINT((29.576319244213565,58.8111067386291,92.049999999999997));
#1592=IFCCARTESIANPOINT((24.,59.545243094474472,92.049999999999997));
#1593=IFCCARTESIANPOINT((18.423680755786439,58.8111067386291,92.049999999999997));
#1594=IFCCARTESIANPOINT((13.227378452762768,56.658727850526148,92.049999999999997));
#1595=IFCCARTESIANPOINT((8.765212505584465,53.234787494415542,92.049999999999997));
#1596=IFCCARTESIANPOINT((5.341272149473852,48.772621547237236,92.049999999999997));
#1597=IFCCARTESIANPOINT((3.1888932613709002,43.576319244213572,92.049999999999997));
#1598=IFCCARTESIANPOINT((2.4547569055255245,38.,92.049999999999997));
#1599=IFCCARTESIANPOINT((3.1888932613709002,32.423680755786435,92.049999999999997));
#1600=IFCCARTESIANPOINT((5.341272149473852,27.227378452762768,92.049999999999997));
#1601=IFCCARTESIANPOINT((8.7652125055844543,22.765212505584472,92.049999999999997));
#1602=IFCCARTESIANPOINT((13.227378452762753,19.341272149473859,92.049999999999997));
#1603=IFCCARTESIANPOINT((18.423680755786439,17.1888932613709,92.049999999999997));
#1604=IFCCARTESIANPOINT((23.999999999999996,16.454756905525525,92.049999999999997));
#1605=IFCCARTESIANPOINT((29.576319244213554,17.188893261370897,92.049999999999997));
#1606=IFCCARTESIANPOINT((34.772621547237236,19.341272149473856,92.049999999999997));
#1607=IFCCARTESIANPOINT((39.234787494415535,22.765212505584458,92.049999999999997));
#1608=IFCCARTESIANPOINT((42.658727850526141,27.227378452762753,92.049999999999997));
#1609=IFCCARTESIANPOINT((44.811106738629093,32.423680755786421,92.049999999999997));
#1610=IFCCARTESIANPOINT((42.400000000000006,38.,97.799999999999997));
#1611=IFCCARTESIANPOINT((41.773035203718862,42.762270429886385,97.799999999999997));
#1612=IFCCARTESIANPOINT((39.93486742963367,47.200000000000003,97.799999999999997));
#1613=IFCCARTESIANPOINT((37.010764773832477,51.010764773832477,97.799999999999997));
#1614=IFCCARTESIANPOINT((33.200000000000003,53.93486742963367,97.799999999999997));
#1615=IFCCARTESIANPOINT((28.762270429886382,55.773035203718862,97.799999999999997));
#1616=IFCCARTESIANPOINT((24.,56.400000000000006,97.799999999999997));
#1617=IFCCARTESIANPOINT((19.237729570113622,55.773035203718862,97.799999999999997));
#1618=IFCCARTESIANPOINT((14.800000000000002,53.93486742963367,97.799999999999997));
#1619=IFCCARTESIANPOINT((10.989235226167525,51.010764773832477,97.799999999999997));
#1620=IFCCARTESIANPOINT((8.0651325703663268,47.200000000000003,97.799999999999997));
#1621=IFCCARTESIANPOINT((6.2269647962811447,42.762270429886385,97.799999999999997));
#1622=IFCCARTESIANPOINT((5.5999999999999979,38.,97.799999999999997));
#1623=IFCCARTESIANPOINT((6.2269647962811412,33.237729570113615,97.799999999999997));
#1624=IFCCARTESIANPOINT((8.0651325703663233,28.800000000000004,97.799999999999997));
#1625=IFCCARTESIANPOINT((10.989235226167517,24.98923522616753,97.799999999999997));
#1626=IFCCARTESIANPOINT((14.79999999999999,22.06513257036633,97.799999999999997));
#1627=IFCCARTESIANPOINT((19.237729570113622,20.226964796281141,97.799999999999997));
#1628=IFCCARTESIANPOINT((23.999999999999996,19.599999999999998,97.799999999999997));
#1629=IFCCARTESIANPOINT((28.762270429886375,20.226964796281138,97.799999999999997));
#1630=IFCCARTESIANPOINT((33.200000000000003,22.06513257036633,97.799999999999997));
#1631=IFCCARTESIANPOINT((37.01076477383247,24.989235226167523,97.799999999999997));
#1632=IFCCARTESIANPOINT((39.93486742963367,28.79999999999999,97.799999999999997));
#1633=IFCCARTESIANPOINT((41.773035203718855,33.237729570113601,97.799999999999997));
#1634=IFCCARTESIANPOINT((37.799999999999997,38.,102.40000000000001));
#1635=IFCCARTESIANPOINT((37.329776402789136,41.571702822414785,102.40000000000001));
#1636=IFCCARTESIANPOINT((35.951150572225252,44.899999999999999,102.40000000000001));
#1637=IFCCARTESIANPOINT((33.758073580374358,47.758073580374358,102.40000000000001));
#1638=IFCCARTESIANPOINT((30.899999999999999,49.951150572225252,102.40000000000001));
#1639=IFCCARTESIANPOINT((27.571702822414785,51.329776402789136,102.40000000000001));
#1640=IFCCARTESIANPOINT((24.,51.799999999999997,102.40000000000001));
#1641=IFCCARTESIANPOINT((20.428297177585215,51.329776402789136,102.40000000000001));
#1642=IFCCARTESIANPOINT((17.100000000000005,49.951150572225252,102.40000000000001));
#1643=IFCCARTESIANPOINT((14.241926419625647,47.758073580374358,102.40000000000001));
#1644=IFCCARTESIANPOINT((12.048849427774748,44.899999999999999,102.40000000000001));
#1645=IFCCARTESIANPOINT((10.670223597210862,41.571702822414792,102.40000000000001));
#1646=IFCCARTESIANPOINT((10.200000000000003,38.,102.40000000000001));
#1647=IFCCARTESIANPOINT((10.67022359721086,34.428297177585215,102.40000000000001));
#1648=IFCCARTESIANPOINT((12.048849427774746,31.100000000000005,102.40000000000001));
#1649=IFCCARTESIANPOINT((14.24192641962564,28.241926419625649,102.40000000000001));
#1650=IFCCARTESIANPOINT((17.099999999999994,26.048849427774751,102.40000000000001));
#1651=IFCCARTESIANPOINT((20.428297177585215,24.67022359721086,102.40000000000001));
#1652=IFCCARTESIANPOINT((23.999999999999996,24.200000000000003,102.40000000000001));
#1653=IFCCARTESIANPOINT((27.571702822414778,24.670223597210857,102.40000000000001));
#1654=IFCCARTESIANPOINT((30.899999999999999,26.048849427774748,102.40000000000001));
#1655=IFCCARTESIANPOINT((33.758073580374351,28.241926419625642,102.40000000000001));
#1656=IFCCARTESIANPOINT((35.951150572225245,31.099999999999994,102.40000000000001));
#1657=IFCCARTESIANPOINT((37.329776402789136,34.4282971775852,102.40000000000001));
#1658=IFCCARTESIANPOINT((32.453868936764984,38.,105.39));
#1659=IFCCARTESIANPOINT((32.165810338084206,40.188022285635377,105.39));
#1660=IFCCARTESIANPOINT((31.321265259502621,42.226934468382495,105.39));
#1661=IFCCARTESIANPOINT((29.97778805244883,43.97778805244883,105.39));
#1662=IFCCARTESIANPOINT((28.226934468382495,45.321265259502617,105.39));
#1663=IFCCARTESIANPOINT((26.188022285635377,46.165810338084206,105.39));
#1664=IFCCARTESIANPOINT((24.,46.453868936764984,105.39));
#1665=IFCCARTESIANPOINT((21.811977714364623,46.165810338084206,105.39));
#1666=IFCCARTESIANPOINT((19.773065531617508,45.321265259502617,105.39));
#1667=IFCCARTESIANPOINT((18.02221194755117,43.97778805244883,105.39));
#1668=IFCCARTESIANPOINT((16.678734740497379,42.226934468382495,105.39));
#1669=IFCCARTESIANPOINT((15.834189661915795,40.188022285635377,105.39));
#1670=IFCCARTESIANPOINT((15.546131063235014,38.,105.39));
#1671=IFCCARTESIANPOINT((15.834189661915794,35.811977714364623,105.39));
#1672=IFCCARTESIANPOINT((16.678734740497379,33.773065531617512,105.39));
#1673=IFCCARTESIANPOINT((18.022211947551167,32.02221194755117,105.39));
#1674=IFCCARTESIANPOINT((19.773065531617505,30.678734740497383,105.39));
#1675=IFCCARTESIANPOINT((21.811977714364623,29.834189661915794,105.39));
#1676=IFCCARTESIANPOINT((24.,29.546131063235016,105.39));
#1677=IFCCARTESIANPOINT((26.188022285635373,29.834189661915794,105.39));
#1678=IFCCARTESIANPOINT((28.226934468382495,30.678734740497383,105.39));
#1679=IFCCARTESIANPOINT((29.97778805244883,32.02221194755117,105.39));
#1680=IFCCARTESIANPOINT((31.321265259502617,33.773065531617505,105.39));
#1681=IFCCARTESIANPOINT((32.165810338084206,35.811977714364616,105.39));
#1682=IFCCARTESIANPOINT((25.,38.,107.));
#1683=IFCCARTESIANPOINT((24.96592582628907,38.25881904510252,107.));
#1684=IFCCARTESIANPOINT((24.866025403784437,38.5,107.));
#1685=IFCCARTESIANPOINT((24.707106781186546,38.707106781186546,107.));
#1686=IFCCARTESIANPOINT((24.5,38.866025403784441,107.));
#1687=IFCCARTESIANPOINT((24.25881904510252,38.965925826289066,107.));
#1688=IFCCARTESIANPOINT((24.,39.,107.));
#1689=IFCCARTESIANPOINT((23.74118095489748,38.965925826289066,107.));
#1690=IFCCARTESIANPOINT((23.5,38.866025403784441,107.));
#1691=IFCCARTESIANPOINT((23.292893218813454,38.707106781186546,107.));
#1692=IFCCARTESIANPOINT((23.133974596215563,38.5,107.));
#1693=IFCCARTESIANPOINT((23.03407417371093,38.25881904510252,107.));
#1694=IFCCARTESIANPOINT((23.,38.,107.));
#1695=IFCCARTESIANPOINT((23.03407417371093,37.74118095489748,107.));
#1696=IFCCARTESIANPOINT((23.133974596215563,37.5,107.));
#1697=IFCCARTESIANPOINT((23.292893218813454,37.292893218813454,107.));
#1698=IFCCARTESIANPOINT((23.5,37.133974596215559,107.));
#1699=IFCCARTESIANPOINT((23.74118095489748,37.034074173710934,107.));
#1700=IFCCARTESIANPOINT((24.,37.,107.));
#1701=IFCCARTESIANPOINT((24.25881904510252,37.034074173710934,107.));
#1702=IFCCARTESIANPOINT((24.5,37.133974596215559,107.));
#1703=IFCCARTESIANPOINT((24.707106781186546,37.292893218813454,107.));
#1704=IFCCARTESIANPOINT((24.866025403784437,37.5,107.));
#1705=IFCCARTESIANPOINT((24.96592582628907,37.74118095489748,107.));
#1706=IFCPOLYLOOP((#1585,#1584,#1583,#1582,#1581,#1580,#1579,#1578,#1577,#1576,#1575,#1574,#1573,#1572,#1571,#1570,#1569,#1568,#1567,#1566,#1565,#1564,#1563,#1562));
#1707=IFCFACEOUTERBOUND(#1706,.T.);
#1708=IFCFACE((#1707));
#1709=IFCPOLYLOOP((#1562,#1563,#1587,#1586));
#1710=IFCFACEOUTERBOUND(#1709,.T.);
#1711=IFCFACE((#1710));
#1712=IFCPOLYLOOP((#1563,#1564,#1588,#1587));
#1713=IFCFACEOUTERBOUND(#1712,.T.);
#1714=IFCFACE((#1713));
#1715=IFCPOLYLOOP((#1564,#1565,#1589,#1588));
#1716=IFCFACEOUTERBOUND(#1715,.T.);
#1717=IFCFACE((#1716));
#1718=IFCPOLYLOOP((#1565,#1566,#1590,#1589));
#1719=IFCFACEOUTERBOUND(#1718,.T.);
#1720=IFCFACE((#1719));
#1721=IFCPOLYLOOP((#1566,#1567,#1591,#1590));
#1722=IFCFACEOUTERBOUND(#1721,.T.);
#1723=IFCFACE((#1722));
#1724=IFCPOLYLOOP((#1567,#1568,#1592,#1591));
#1725=IFCFACEOUTERBOUND(#1724,.T.);
#1726=IFCFACE((#1725));
#1727=IFCPOLYLOOP((#1568,#1569,#1593,#1592));
#1728=IFCFACEOUTERBOUND(#1727,.T.);
#1729=IFCFACE((#1728));
#1730=IFCPOLYLOOP((#1569,#1570,#1594,#1593));
#1731=IFCFACEOUTERBOUND(#1730,.T.);
#1732=IFCFACE((#1731));
#1733=IFCPOLYLOOP((#1570,#1571,#1595,#1594));
#1734=IFCFACEOUTERBOUND(#1733,.T.);
#1735=IFCFACE((#1734));
#1736=IFCPOLYLOOP((#1571,#1572,#1596,#1595));
#1737=IFCFACEOUTERBOUND(#1736,.T.);
#1738=IFCFACE((#1737));
#1739=IFCPOLYLOOP((#1572,#1573,#1597,#1596));
#1740=IFCFACEOUTERBOUND(#1739,.T.);
#1741=IFCFACE((#1740));
#1742=IFCPOLYLOOP((#1573,#1574,#1598,#1597));
#1743=IFCFACEOUTERBOUND(#1742,.T.);
#1744=IFCFACE((#1743));
#1745=IFCPOLYLOOP((#1574,#1575,#1599,#1598));
#1746=IFCFACEOUTERBOUND(#1745,.T.);
#1747=IFCFACE((#1746));
#1748=IFCPOLYLOOP((#1575,#1576,#1600,#1599));
#1749=IFCFACEOUTERBOUND(#1748,.T.);
#1750=IFCFACE((#1749));
#1751=IFCPOLYLOOP((#1576,#1577,#1601,#1600));
#1752=IFCFACEOUTERBOUND(#1751,.T.);
#1753=IFCFACE((#1752));
#1754=IFCPOLYLOOP((#1577,#1578,#1602,#1601));
#1755=IFCFACEOUTERBOUND(#1754,.T.);
#1756=IFCFACE((#1755));
#1757=IFCPOLYLOOP((#1578,#1579,#1603,#1602));
#1758=IFCFACEOUTERBOUND(#1757,.T.);
#1759=IFCFACE((#1758));
#1760=IFCPOLYLOOP((#1579,#1580,#1604,#1603));
#1761=IFCFACEOUTERBOUND(#1760,.T.);
#1762=IFCFACE((#1761));
#1763=IFCPOLYLOOP((#1580,#1581,#1605,#1604));
#1764=IFCFACEOUTERBOUND(#1763,.T.);
#1765=IFCFACE((#1764));
#1766=IFCPOLYLOOP((#1581,#1582,#1606,#1605));
#1767=IFCFACEOUTERBOUND(#1766,.T.);
#1768=IFCFACE((#1767));
#1769=IFCPOLYLOOP((#1582,#1583,#1607,#1606));
#1770=IFCFACEOUTERBOUND(#1769,.T.);
#1771=IFCFACE((#1770));
#1772=IFCPOLYLOOP((#1583,#1584,#1608,#1607));
#1773=IFCFACEOUTERBOUND(#1772,.T.);
#1774=IFCFACE((#1773));
#1775=IFCPOLYLOOP((#1584,#1585,#1609,#1608));
#1776=IFCFACEOUTERBOUND(#1775,.T.);
#1777=IFCFACE((#1776));
#1778=IFCPOLYLOOP((#1585,#1562,#1586,#1609));
#1779=IFCFACEOUTERBOUND(#1778,.T.);
#1780=IFCFACE((#1779));
#1781=IFCPOLYLOOP((#1586,#1587,#1611,#1610));
#1782=IFCFACEOUTERBOUND(#1781,.T.);
#1783=IFCFACE((#1782));
#1784=IFCPOLYLOOP((#1587,#1588,#1612,#1611));
#1785=IFCFACEOUTERBOUND(#1784,.T.);
#1786=IFCFACE((#1785));
#1787=IFCPOLYLOOP((#1588,#1589,#1613,#1612));
#1788=IFCFACEOUTERBOUND(#1787,.T.);
#1789=IFCFACE((#1788));
#1790=IFCPOLYLOOP((#1589,#1590,#1614,#1613));
#1791=IFCFACEOUTERBOUND(#1790,.T.);
#1792=IFCFACE((#1791));
#1793=IFCPOLYLOOP((#1590,#1591,#1615,#1614));
#1794=IFCFACEOUTERBOUND(#1793,.T.);
#1795=IFCFACE((#1794));
#1796=IFCPOLYLOOP((#1591,#1592,#1616,#1615));
#1797=IFCFACEOUTERBOUND(#1796,.T.);
#1798=IFCFACE((#1797));
#1799=IFCPOLYLOOP((#1592,#1593,#1617,#1616));
#1800=IFCFACEOUTERBOUND(#1799,.T.);
#1801=IFCFACE((#1800));
#1802=IFCPOLYLOOP((#1593,#1594,#1618,#1617));
#1803=IFCFACEOUTERBOUND(#1802,.T.);
#1804=IFCFACE((#1803));
#1805=IFCPOLYLOOP((#1594,#1595,#1619,#1618));
#1806=IFCFACEOUTERBOUND(#1805,.T.);
#1807=IFCFACE((#1806));
#1808=IFCPOLYLOOP((#1595,#1596,#1620,#1619));
#1809=IFCFACEOUTERBOUND(#1808,.T.);
#1810=IFCFACE((#1809));
#1811=IFCPOLYLOOP((#1596,#1597,#1621,#1620));
#1812=IFCFACEOUTERBOUND(#1811,.T.);
#1813=IFCFACE((#1812));
#1814=IFCPOLYLOOP((#1597,#1598,#1622,#1621));
#1815=IFCFACEOUTERBOUND(#1814,.T.);
#1816=IFCFACE((#1815));
#1817=IFCPOLYLOOP((#1598,#1599,#1623,#1622));
#1818=IFCFACEOUTERBOUND(#1817,.T.);
#1819=IFCFACE((#1818));
#1820=IFCPOLYLOOP((#1599,#1600,#1624,#1623));
#1821=IFCFACEOUTERBOUND(#1820,.T.);
#1822=IFCFACE((#1821));
#1823=IFCPOLYLOOP((#1600,#1601,#1625,#1624));
#1824=IFCFACEOUTERBOUND(#1823,.T.);
#1825=IFCFACE((#1824));
#1826=IFCPOLYLOOP((#1601,#1602,#1626,#1625));
#1827=IFCFACEOUTERBOUND(#1826,.T.);
#1828=IFCFACE((#1827));
#1829=IFCPOLYLOOP((#1602,#1603,#1627,#1626));
#1830=IFCFACEOUTERBOUND(#1829,.T.);
#1831=IFCFACE((#1830));
#1832=IFCPOLYLOOP((#1603,#1604,#1628,#1627));
#1833=IFCFACEOUTERBOUND(#1832,.T.);
#1834=IFCFACE((#1833));
#1835=IFCPOLYLOOP((#1604,#1605,#1629,#1628));
#1836=IFCFACEOUTERBOUND(#1835,.T.);
#1837=IFCFACE((#1836));
#1838=IFCPOLYLOOP((#1605,#1606,#1630,#1629));
#1839=IFCFACEOUTERBOUND(#1838,.T.);
#1840=IFCFACE((#1839));
#1841=IFCPOLYLOOP((#1606,#1607,#1631,#1630));
#1842=IFCFACEOUTERBOUND(#1841,.T.);
#1843=IFCFACE((#1842));
#1844=IFCPOLYLOOP((#1607,#1608,#1632,#1631));
#1845=IFCFACEOUTERBOUND(#1844,.T.);
#1846=IFCFACE((#1845));
#1847=IFCPOLYLOOP((#1608,#1609,#1633,#1632));
#1848=IFCFACEOUTERBOUND(#1847,.T.);
#1849=IFCFACE((#1848));
#1850=IFCPOLYLOOP((#1609,#1586,#1610,#1633));
#1851=IFCFACEOUTERBOUND(#1850,.T.);
#1852=IFCFACE((#1851));
#1853=IFCPOLYLOOP((#1610,#1611,#1635,#1634));
#1854=IFCFACEOUTERBOUND(#1853,.T.);
#1855=IFCFACE((#1854));
#1856=IFCPOLYLOOP((#1611,#1612,#1636,#1635));
#1857=IFCFACEOUTERBOUND(#1856,.T.);
#1858=IFCFACE((#1857));
#1859=IFCPOLYLOOP((#1612,#1613,#1637,#1636));
#1860=IFCFACEOUTERBOUND(#1859,.T.);
#1861=IFCFACE((#1860));
#1862=IFCPOLYLOOP((#1613,#1614,#1638,#1637));
#1863=IFCFACEOUTERBOUND(#1862,.T.);
#1864=IFCFACE((#1863));
#1865=IFCPOLYLOOP((#1614,#1615,#1639,#1638));
#1866=IFCFACEOUTERBOUND(#1865,.T.);
#1867=IFCFACE((#1866));
#1868=IFCPOLYLOOP((#1615,#1616,#1640,#1639));
#1869=IFCFACEOUTERBOUND(#1868,.T.);
#1870=IFCFACE((#1869));
#1871=IFCPOLYLOOP((#1616,#1617,#1641,#1640));
#1872=IFCFACEOUTERBOUND(#1871,.T.);
#1873=IFCFACE((#1872));
#1874=IFCPOLYLOOP((#1617,#1618,#1642,#1641));
#1875=IFCFACEOUTERBOUND(#1874,.T.);
#1876=IFCFACE((#1875));
#1877=IFCPOLYLOOP((#1618,#1619,#1643,#1642));
#1878=IFCFACEOUTERBOUND(#1877,.T.);
#1879=IFCFACE((#1878));
#1880=IFCPOLYLOOP((#1619,#1620,#1644,#1643));
#1881=IFCFACEOUTERBOUND(#1880,.T.);
#1882=IFCFACE((#1881));
#1883=IFCPOLYLOOP((#1620,#1621,#1645,#1644));
#1884=IFCFACEOUTERBOUND(#1883,.T.);
#1885=IFCFACE((#1884));
#1886=IFCPOLYLOOP((#1621,#1622,#1646,#1645));
#1887=IFCFACEOUTERBOUND(#1886,.T.);
#1888=IFCFACE((#1887));
#1889=IFCPOLYLOOP((#1622,#1623,#1647,#1646));
#1890=IFCFACEOUTERBOUND(#1889,.T.);
#1891=IFCFACE((#1890));
#1892=IFCPOLYLOOP((#1623,#1624,#1648,#1647));
#1893=IFCFACEOUTERBOUND(#1892,.T.);
#1894=IFCFACE((#1893));
#1895=IFCPOLYLOOP((#1624,#1625,#1649,#1648));
#1896=IFCFACEOUTERBOUND(#1895,.T.);
#1897=IFCFACE((#1896));
#1898=IFCPOLYLOOP((#1625,#1626,#1650,#1649));
#1899=IFCFACEOUTERBOUND(#1898,.T.);
#1900=IFCFACE((#1899));
#1901=IFCPOLYLOOP((#1626,#1627,#1651,#1650));
#1902=IFCFACEOUTERBOUND(#1901,.T.);
#1903=IFCFACE((#1902));
#1904=IFCPOLYLOOP((#1627,#1628,#1652,#1651));
#1905=IFCFACEOUTERBOUND(#1904,.T.);
#1906=IFCFACE((#1905));
#1907=IFCPOLYLOOP((#1628,#1629,#1653,#1652));
#1908=IFCFACEOUTERBOUND(#1907,.T.);
#1909=IFCFACE((#1908));
#1910=IFCPOLYLOOP((#1629,#1630,#1654,#1653));
#1911=IFCFACEOUTERBOUND(#1910,.T.);
#1912=IFCFACE((#1911));
#1913=IFCPOLYLOOP((#1630,#1631,#1655,#1654));
#1914=IFCFACEOUTERBOUND(#1913,.T.);
#1915=IFCFACE((#1914));
#1916=IFCPOLYLOOP((#1631,#1632,#1656,#1655));
#1917=IFCFACEOUTERBOUND(#1916,.T.);
#1918=IFCFACE((#1917));
#1919=IFCPOLYLOOP((#1632,#1633,#1657,#1656));
#1920=IFCFACEOUTERBOUND(#1919,.T.);
#1921=IFCFACE((#1920));
#1922=IFCPOLYLOOP((#1633,#1610,#1634,#1657));
#1923=IFCFACEOUTERBOUND(#1922,.T.);
#1924=IFCFACE((#1923));
#1925=IFCPOLYLOOP((#1634,#1635,#1659,#1658));
#1926=IFCFACEOUTERBOUND(#1925,.T.);
#1927=IFCFACE((#1926));
#1928=IFCPOLYLOOP((#1635,#1636,#1660,#1659));
#1929=IFCFACEOUTERBOUND(#1928,.T.);
#1930=IFCFACE((#1929));
#1931=IFCPOLYLOOP((#1636,#1637,#1661,#1660));
#1932=IFCFACEOUTERBOUND(#1931,.T.);
#1933=IFCFACE((#1932));
#1934=IFCPOLYLOOP((#1637,#1638,#1662,#1661));
#1935=IFCFACEOUTERBOUND(#1934,.T.);
#1936=IFCFACE((#1935));
#1937=IFCPOLYLOOP((#1638,#1639,#1663,#1662));
#1938=IFCFACEOUTERBOUND(#1937,.T.);
#1939=IFCFACE((#1938));
#1940=IFCPOLYLOOP((#1639,#1640,#1664,#1663));
#1941=IFCFACEOUTERBOUND(#1940,.T.);
#1942=IFCFACE((#1941));
#1943=IFCPOLYLOOP((#1640,#1641,#1665,#1664));
#1944=IFCFACEOUTERBOUND(#1943,.T.);
#1945=IFCFACE((#1944));
#1946=IFCPOLYLOOP((#1641,#1642,#1666,#1665));
#1947=IFCFACEOUTERBOUND(#1946,.T.);
#1948=IFCFACE((#1947));
#1949=IFCPOLYLOOP((#1642,#1643,#1667,#1666));
#1950=IFCFACEOUTERBOUND(#1949,.T.);
#1951=IFCFACE((#1950));
#1952=IFCPOLYLOOP((#1643,#1644,#1668,#1667));
#1953=IFCFACEOUTERBOUND(#1952,.T.);
#1954=IFCFACE((#1953));
#1955=IFCPOLYLOOP((#1644,#1645,#1669,#1668));
#1956=IFCFACEOUTERBOUND(#1955,.T.);
#1957=IFCFACE((#1956));
#1958=IFCPOLYLOOP((#1645,#1646,#1670,#1669));
#1959=IFCFACEOUTERBOUND(#1958,.T.);
#1960=IFCFACE((#1959));
#1961=IFCPOLYLOOP((#1646,#1647,#1671,#1670));
#1962=IFCFACEOUTERBOUND(#1961,.T.);
#1963=IFCFACE((#1962));
#1964=IFCPOLYLOOP((#1647,#1648,#1672,#1671));
#1965=IFCFACEOUTERBOUND(#1964,.T.);
#1966=IFCFACE((#1965));
#1967=IFCPOLYLOOP((#1648,#1649,#1673,#1672));
#1968=IFCFACEOUTERBOUND(#1967,.T.);
#1969=IFCFACE((#1968));
#1970=IFCPOLYLOOP((#1649,#1650,#1674,#1673));
#1971=IFCFACEOUTERBOUND(#1970,.T.);
#1972=IFCFACE((#1971));
#1973=IFCPOLYLOOP((#1650,#1651,#1675,#1674));
#1974=IFCFACEOUTERBOUND(#1973,.T.);
#1975=IFCFACE((#1974));
#1976=IFCPOLYLOOP((#1651,#1652,#1676,#1675));
#1977=IFCFACEOUTERBOUND(#1976,.T.);
#1978=IFCFACE((#1977));
#1979=IFCPOLYLOOP((#1652,#1653,#1677,#1676));
#1980=IFCFACEOUTERBOUND(#1979,.T.);
#1981=IFCFACE((#1980));
#1982=IFCPOLYLOOP((#1653,#1654,#1678,#1677));
#1983=IFCFACEOUTERBOUND(#1982,.T.);
#1984=IFCFACE((#1983));
#1985=IFCPOLYLOOP((#1654,#1655,#1679,#1678));
#1986=IFCFACEOUTERBOUND(#1985,.T.);
#1987=IFCFACE((#1986));
#1988=IFCPOLYLOOP((#1655,#1656,#1680,#1679));
#1989=IFCFACEOUTERBOUND(#1988,.T.);
#1990=IFCFACE((#1989));
#1991=IFCPOLYLOOP((#1656,#1657,#1681,#1680));
#1992=IFCFACEOUTERBOUND(#1991,.T.);
#1993=IFCFACE((#1992));
#1994=IFCPOLYLOOP((#1657,#1634,#1658,#1681));
#1995=IFCFACEOUTERBOUND(#1994,.T.);
#1996=IFCFACE((#1995));
#1997=IFCPOLYLOOP((#1658,#1659,#1683,#1682));
#1998=IFCFACEOUTERBOUND(#1997,.T.);
#1999=IFCFACE((#1998));
#2000=IFCPOLYLOOP((#1659,#1660,#1684,#1683));
#2001=IFCFACEOUTERBOUND(#2000,.T.);
#2002=IFCFACE((#2001));
#2003=IFCPOLYLOOP((#1660,#1661,#1685,#1684));
#2004=IFCFACEOUTERBOUND(#2003,.T.);
#2005=IFCFACE((#2004));
#2006=IFCPOLYLOOP((#1661,#1662,#1686,#1685));
#2007=IFCFACEOUTERBOUND(#2006,.T.);
#2008=IFCFACE((#2007));
#2009=IFCPOLYLOOP((#1662,#1663,#1687,#1686));
#2010=IFCFACEOUTERBOUND(#2009,.T.);
#2011=IFCFACE((#2010));
#2012=IFCPOLYLOOP((#1663,#1664,#1688,#1687));
#2013=IFCFACEOUTERBOUND(#2012,.T.);
#2014=IFCFACE((#2013));
#2015=IFCPOLYLOOP((#1664,#1665,#1689,#1688));
#2016=IFCFACEOUTERBOUND(#2015,.T.);
#2017=IFCFACE((#2016));
#2018=IFCPOLYLOOP((#1665,#1666,#1690,#1689));
#2019=IFCFACEOUTERBOUND(#2018,.T.);
#2020=IFCFACE((#2019));
#2021=IFCPOLYLOOP((#1666,#1667,#1691,#1690));
#2022=IFCFACEOUTERBOUND(#2021,.T.);
#2023=IFCFACE((#2022));
#2024=IFCPOLYLOOP((#1667,#1668,#1692,#1691));
#2025=IFCFACEOUTERBOUND(#2024,.T.);
#2026=IFCFACE((#2025));
#2027=IFCPOLYLOOP((#1668,#1669,#1693,#1692));
#2028=IFCFACEOUTERBOUND(#2027,.T.);
#2029=IFCFACE((#2028));
#2030=IFCPOLYLOOP((#1669,#1670,#1694,#1693));
#2031=IFCFACEOUTERBOUND(#2030,.T.);
#2032=IFCFACE((#2031));
#2033=IFCPOLYLOOP((#1670,#1671,#1695,#1694));
#2034=IFCFACEOUTERBOUND(#2033,.T.);
#2035=IFCFACE((#2034));
#2036=IFCPOLYLOOP((#1671,#1672,#1696,#1695));
#2037=IFCFACEOUTERBOUND(#2036,.T.);
#2038=IFCFACE((#2037));
#2039=IFCPOLYLOOP((#1672,#1673,#1697,#1696));
#2040=IFCFACEOUTERBOUND(#2039,.T.);
#2041=IFCFACE((#2040));
#2042=IFCPOLYLOOP((#1673,#1674,#1698,#1697));
#2043=IFCFACEOUTERBOUND(#2042,.T.);
#2044=IFCFACE((#2043));
#2045=IFCPOLYLOOP((#1674,#1675,#1699,#1698));
#2046=IFCFACEOUTERBOUND(#2045,.T.);
#2047=IFCFACE((#2046));
#2048=IFCPOLYLOOP((#1675,#1676,#1700,#1699));
#2049=IFCFACEOUTERBOUND(#2048,.T.);
#2050=IFCFACE((#2049));
#2051=IFCPOLYLOOP((#1676,#1677,#1701,#1700));
#2052=IFCFACEOUTERBOUND(#2051,.T.);
#2053=IFCFACE((#2052));
#2054=IFCPOLYLOOP((#1677,#1678,#1702,#1701));
#2055=IFCFACEOUTERBOUND(#2054,.T.);
#2056=IFCFACE((#2055));
#2057=IFCPOLYLOOP((#1678,#1679,#1703,#1702));
#2058=IFCFACEOUTERBOUND(#2057,.T.);
#2059=IFCFACE((#2058));
#2060=IFCPOLYLOOP((#1679,#1680,#1704,#1703));
#2061=IFCFACEOUTERBOUND(#2060,.T.);
#2062=IFCFACE((#2061));
#2063=IFCPOLYLOOP((#1680,#1681,#1705,#1704));
#2064=IFCFACEOUTERBOUND(#2063,.T.);
#2065=IFCFACE((#2064));
#2066=IFCPOLYLOOP((#1681,#1658,#1682,#1705));
#2067=IFCFACEOUTERBOUND(#2066,.T.);
#2068=IFCFACE((#2067));
#2069=IFCPOLYLOOP((#1682,#1683,#1684,#1685,#1686,#1687,#1688,#1689,#1690,#1691,#1692,#1693,#1694,#1695,#1696,#1697,#1698,#1699,#1700,#1701,#1702,#1703,#1704,#1705));
#2070=IFCFACEOUTERBOUND(#2069,.T.);
#2071=IFCFACE((#2070));
#2072=IFCCLOSEDSHELL((#1708,#1711,#1714,#1717,#1720,#1723,#1726,#1729,#1732,#1735,#1738,#1741,#1744,#1747,#1750,#1753,#1756,#1759,#1762,#1765,#1768,#1771,#1774,#1777,#1780,#1783,#1786,#1789,#1792,#1795,#1798,#1801,#1804,#1807,#1810,#1813,#1816,#1819,#1822,#1825,#1828,#1831,#1834,#1837,#1840,#1843,#1846,#1849,#1852,#1855,#1858,#1861,#1864,#1867,#1870,#1873,#1876,#1879,#1882,#1885,#1888,#1891,#1894,#1897,#1900,#1903,#1906,#1909,#1912,#1915,#1918,#1921,#1924,#1927,#1930,#1933,#1936,#1939,#1942,#1945,#1948,#1951,#1954,#1957,#1960,#1963,#1966,#1969,#1972,#1975,#1978,#1981,#1984,#1987,#1990,#1993,#1996,#1999,#2002,#2005,#2008,#2011,#2014,#2017,#2020,#2023,#2026,#2029,#2032,#2035,#2038,#2041,#2044,#2047,#2050,#2053,#2056,#2059,#2062,#2065,#2068,#2071));
#2073=IFCFACETEDBREP(#2072);
#2074=IFCCARTESIANPOINT((24.,15.5));
#2075=IFCAXIS2PLACEMENT2D(#2074,$);
#2076=IFCRECTANGLEPROFILEDEF(.AREA.,$,#2075,4.,5.);
#2077=IFCCARTESIANPOINT((0.,0.,62.));
#2078=IFCAXIS2PLACEMENT3D(#2077,$,$);
#2079=IFCDIRECTION((0.,0.,1.));
#2080=IFCEXTRUDEDAREASOLID(#2076,#2078,#2079,8.);
#2081=IFCCARTESIANPOINT((24.,38.));
#2082=IFCAXIS2PLACEMENT2D(#2081,$);
#2083=IFCCIRCLEPROFILEDEF(.AREA.,$,#2082,20.);
#2084=IFCCARTESIANPOINT((0.,0.,62.));
#2085=IFCAXIS2PLACEMENT3D(#2084,$,$);
#2086=IFCDIRECTION((0.,0.,1.));
#2087=IFCEXTRUDEDAREASOLID(#2083,#2085,#2086,23.);
#2088=IFCCARTESIANPOINT((24.,38.));
#2089=IFCAXIS2PLACEMENT2D(#2088,$);
#2090=IFCCIRCLEPROFILEDEF(.AREA.,$,#2089,23.);
#2091=IFCCARTESIANPOINT((0.,0.,62.));
#2092=IFCAXIS2PLACEMENT3D(#2091,$,$);
#2093=IFCDIRECTION((0.,0.,1.));
#2094=IFCEXTRUDEDAREASOLID(#2090,#2092,#2093,22.);
#2095=IFCBOOLEANRESULT(.DIFFERENCE.,#2094,#2080);
#2096=IFCBOOLEANRESULT(.DIFFERENCE.,#2095,#2087);
#2097=IFCCARTESIANPOINT((24.,38.));
#2098=IFCAXIS2PLACEMENT2D(#2097,$);
#2099=IFCCIRCLEPROFILEDEF(.AREA.,$,#2098,4.);
#2100=IFCCARTESIANPOINT((0.,0.,103.));
#2101=IFCAXIS2PLACEMENT3D(#2100,$,$);
#2102=IFCDIRECTION((0.,0.,1.));
#2103=IFCEXTRUDEDAREASOLID(#2099,#2101,#2102,5.);
#2104=IFCCARTESIANPOINT((24.5,31.));
#2105=IFCAXIS2PLACEMENT2D(#2104,$);
#2106=IFCRECTANGLEPROFILEDEF(.AREA.,$,#2105,47.,62.);
#2107=IFCCARTESIANPOINT((0.,0.,60.));
#2108=IFCAXIS2PLACEMENT3D(#2107,$,$);
#2109=IFCDIRECTION((0.,0.,1.));
#2110=IFCEXTRUDEDAREASOLID(#2106,#2108,#2109,2.);
#2111=IFCCARTESIANPOINT((24.,7.5));
#2112=IFCAXIS2PLACEMENT2D(#2111,$);
#2113=IFCRECTANGLEPROFILEDEF(.AREA.,$,#2112,28.,15.);
#2114=IFCCARTESIANPOINT((0.,0.,74.));
#2115=IFCAXIS2PLACEMENT3D(#2114,$,$);
#2116=IFCDIRECTION((0.,0.,1.));
#2117=IFCEXTRUDEDAREASOLID(#2113,#2115,#2116,2.);
#2118=IFCCARTESIANPOINT((41.5,37.5));
#2119=IFCAXIS2PLACEMENT2D(#2118,$);
#2120=IFCRECTANGLEPROFILEDEF(.AREA.,$,#2119,3.,3.);
#2121=IFCCARTESIANPOINT((0.,0.,63.));
#2122=IFCAXIS2PLACEMENT3D(#2121,$,$);
#2123=IFCDIRECTION((0.,0.,1.));
#2124=IFCEXTRUDEDAREASOLID(#2120,#2122,#2123,6.);
#2125=IFCDIRECTION((1.,-0.,0.));
#2126=IFCDIRECTION((0.,1.,0.));
#2127=IFCCARTESIANPOINT((0.,0.,0.));
#2128=IFCDIRECTION((0.,0.,1.));
#2129=IFCCARTESIANTRANSFORMATIONOPERATOR3D(#2125,#2126,#2127,$,#2128);
#2130=IFCDIRECTION((0.91354545764260087,-0.40673664307580021,0.));
#2131=IFCDIRECTION((0.40673664307580021,0.91354545764260087,0.));
#2132=IFCCARTESIANPOINT((-13.381083420302829,13.046952043400374,0.));
#2133=IFCDIRECTION((0.,0.,1.));
#2134=IFCCARTESIANTRANSFORMATIONOPERATOR3D(#2130,#2131,#2132,$,#2133);
#2135=IFCDIRECTION((0.66913060635885824,-0.74314482547739424,0.));
#2136=IFCDIRECTION((0.74314482547739424,0.66913060635885824,0.));
#2137=IFCCARTESIANPOINT((-20.298637920753578,30.408512769820852,0.));
#2138=IFCDIRECTION((0.,0.,1.));
#2139=IFCCARTESIANTRANSFORMATIONOPERATOR3D(#2135,#2136,#2137,$,#2138);
#2140=IFCDIRECTION((0.30901699437494745,-0.95105651629515353,0.));
#2141=IFCDIRECTION((0.95105651629515353,0.30901699437494745,0.));
#2142=IFCCARTESIANPOINT((-19.55655548421457,49.082710604835682,0.));
#2143=IFCDIRECTION((0.,0.,1.));
#2144=IFCCARTESIANTRANSFORMATIONOPERATOR3D(#2140,#2141,#2142,$,#2143);
#2145=IFCDIRECTION((-0.10452846326765355,-0.99452189536827329,0.));
#2146=IFCDIRECTION((0.99452189536827329,-0.10452846326765355,0.));
#2147=IFCCARTESIANPOINT((-11.283148905570705,65.840607093009396,0.));
#2148=IFCDIRECTION((0.,0.,1.));
#2149=IFCCARTESIANTRANSFORMATIONOPERATOR3D(#2145,#2146,#2147,$,#2148);
#2150=IFCDIRECTION((-0.49999999999999978,-0.86602540378443871,0.));
#2151=IFCDIRECTION((0.86602540378443871,-0.49999999999999978,0.));
#2152=IFCCARTESIANPOINT((3.0910346561913187,77.784609690826528,0.));
#2153=IFCDIRECTION((0.,0.,1.));
#2154=IFCCARTESIANTRANSFORMATIONOPERATOR3D(#2150,#2151,#2152,$,#2153);
#2155=IFCDIRECTION((-0.80901699437494734,-0.58778525229247325,0.));
#2156=IFCDIRECTION((0.58778525229247325,-0.80901699437494734,0.));
#2157=IFCCARTESIANPOINT((21.080568277884751,82.849491841267351,0.));
#2158=IFCDIRECTION((0.,0.,1.));
#2159=IFCCARTESIANTRANSFORMATIONOPERATOR3D(#2155,#2156,#2157,$,#2158);
#2160=IFCDIRECTION((-0.97814760073380569,-0.20791169081775931,0.));
#2161=IFCDIRECTION((0.20791169081775931,-0.97814760073380569,0.));
#2162=IFCCARTESIANPOINT((39.574898166536485,80.159489407510847,0.));
#2163=IFCDIRECTION((0.,0.,1.));
#2164=IFCCARTESIANTRANSFORMATIONOPERATOR3D(#2160,#2161,#2162,$,#2163);
#2165=IFCDIRECTION((-0.97814760073380558,0.20791169081775951,0.));
#2166=IFCDIRECTION((-0.20791169081775951,-0.97814760073380558,0.));
#2167=IFCCARTESIANPOINT((55.376186668686195,70.179728248258385,0.));
#2168=IFCDIRECTION((0.,0.,1.));
#2169=IFCCARTESIANTRANSFORMATIONOPERATOR3D(#2165,#2166,#2167,$,#2168);
#2170=IFCDIRECTION((-0.80901699437494745,0.58778525229247303,0.));
#2171=IFCDIRECTION((-0.58778525229247303,-0.80901699437494745,0.));
#2172=IFCCARTESIANPOINT((65.752247452112712,54.635799731228651,0.));
#2173=IFCDIRECTION((0.,0.,1.));
#2174=IFCCARTESIANTRANSFORMATIONOPERATOR3D(#2170,#2171,#2172,$,#2173);
#2175=IFCDIRECTION((-0.50000000000000044,0.86602540378443849,0.));
#2176=IFCDIRECTION((-0.86602540378443849,-0.50000000000000044,0.));
#2177=IFCCARTESIANPOINT((68.908965343808674,36.215390309173493,0.));
#2178=IFCDIRECTION((0.,0.,1.));
#2179=IFCCARTESIANTRANSFORMATIONOPERATOR3D(#2175,#2176,#2177,$,#2178);
#2180=IFCDIRECTION((-0.10452846326765336,0.9945218953682734,0.));
#2181=IFCDIRECTION((-0.9945218953682734,-0.10452846326765336,0.));
#2182=IFCCARTESIANPOINT((64.300515142418078,18.103556115332267,0.));
#2183=IFCDIRECTION((0.,0.,1.));
#2184=IFCCARTESIANTRANSFORMATIONOPERATOR3D(#2180,#2181,#2182,$,#2183);
#2185=IFCDIRECTION((0.30901699437494723,0.95105651629515364,0.));
#2186=IFCDIRECTION((-0.95105651629515364,0.30901699437494723,0.));
#2187=IFCCARTESIANPOINT((52.723739754217107,3.4319978226683219,0.));
#2188=IFCDIRECTION((0.,0.,1.));
#2189=IFCCARTESIANTRANSFORMATIONOPERATOR3D(#2185,#2186,#2187,$,#2188);
#2190=IFCDIRECTION((0.66913060635885779,0.74314482547739458,0.));
#2191=IFCDIRECTION((-0.74314482547739458,0.66913060635885779,0.));
#2192=IFCCARTESIANPOINT((36.180368815528411,-5.2624388530940678,0.));
#2193=IFCDIRECTION((0.,0.,1.));
#2194=IFCCARTESIANTRANSFORMATIONOPERATOR3D(#2190,#2191,#2192,$,#2193);
#2195=IFCDIRECTION((0.91354545764260098,0.40673664307580015,0.));
#2196=IFCDIRECTION((-0.40673664307580015,0.91354545764260098,0.));
#2197=IFCCARTESIANPOINT((17.530901453457986,-6.4764068242380404,0.));
#2198=IFCDIRECTION((0.,0.,1.));
#2199=IFCCARTESIANTRANSFORMATIONOPERATOR3D(#2195,#2196,#2197,$,#2198);
#2200=IFCCARTESIANPOINT((47.,38.));
#2201=IFCAXIS2PLACEMENT2D(#2200,$);
#2202=IFCRECTANGLEPROFILEDEF(.AREA.,$,#2201,1.,1.);
#2203=IFCCARTESIANPOINT((0.,0.,84.));
#2204=IFCAXIS2PLACEMENT3D(#2203,$,$);
#2205=IFCDIRECTION((0.,0.,1.));
#2206=IFCEXTRUDEDAREASOLID(#2202,#2204,#2205,3.);
#2207=IFCDIRECTION((1.,-0.,0.));
#2208=IFCDIRECTION((0.,1.,0.));
#2209=IFCCARTESIANPOINT((0.,0.,0.));
#2210=IFCDIRECTION((0.,0.,1.));
#2211=IFCCARTESIANTRANSFORMATIONOPERATOR3D(#2207,#2208,#2209,$,#2210);
#2212=IFCDIRECTION((0.99619469809174555,-0.087155742747658166,0.));
#2213=IFCDIRECTION((0.087155742747658166,0.99619469809174555,0.));
#2214=IFCCARTESIANPOINT((-3.2205909786129041,2.2363392984574659,0.));
#2215=IFCDIRECTION((0.,0.,1.));
#2216=IFCCARTESIANTRANSFORMATIONOPERATOR3D(#2212,#2213,#2214,$,#2215);
#2217=IFCDIRECTION((0.98480775301220802,-0.17364817766693033,0.));
#2218=IFCDIRECTION((0.17364817766693033,0.98480775301220802,0.));
#2219=IFCCARTESIANPOINT((-6.2340168236363454,4.7448616495424218,0.));
#2220=IFCDIRECTION((0.,0.,1.));
#2221=IFCCARTESIANTRANSFORMATIONOPERATOR3D(#2217,#2218,#2219,$,#2220);
#2222=IFCDIRECTION((0.96592582628906831,-0.25881904510252074,0.));
#2223=IFCDIRECTION((0.25881904510252074,0.96592582628906831,0.));
#2224=IFCCARTESIANPOINT((-9.0173435448334303,7.5064756834759052,0.));
#2225=IFCDIRECTION((0.,0.,1.));
#2226=IFCCARTESIANTRANSFORMATIONOPERATOR3D(#2222,#2223,#2224,$,#2225);
#2227=IFCDIRECTION((0.93969262078590843,-0.34202014332566871,0.));
#2228=IFCDIRECTION((0.34202014332566871,0.93969262078590843,0.));
#2229=IFCCARTESIANPOINT((-11.549388345237212,10.500163849951527,0.));
#2230=IFCDIRECTION((0.,0.,1.));
#2231=IFCCARTESIANTRANSFORMATIONOPERATOR3D(#2227,#2228,#2229,$,#2230);
#2232=IFCDIRECTION((0.90630778703664994,-0.42261826174069944,0.));
#2233=IFCDIRECTION((0.42261826174069944,0.90630778703664994,0.));
#2234=IFCCARTESIANPOINT((-13.810880835026175,13.70314237438409,0.));
#2235=IFCDIRECTION((0.,0.,1.));
#2236=IFCCARTESIANTRANSFORMATIONOPERATOR3D(#2232,#2233,#2234,$,#2235);
#2237=IFCDIRECTION((0.86602540378443871,-0.49999999999999994,0.));
#2238=IFCDIRECTION((0.49999999999999994,0.86602540378443871,0.));
#2239=IFCCARTESIANPOINT((-15.784609690826528,17.091034656191326,0.));
#2240=IFCDIRECTION((0.,0.,1.));
#2241=IFCCARTESIANTRANSFORMATIONOPERATOR3D(#2237,#2238,#2239,$,#2240);
#2242=IFCDIRECTION((0.8191520442889918,-0.57357643635104605,0.));
#2243=IFCDIRECTION((0.57357643635104605,0.8191520442889918,0.));
#2244=IFCCARTESIANPOINT((-17.455553644275554,20.638056789443418,0.));
#2245=IFCDIRECTION((0.,0.,1.));
#2246=IFCCARTESIANTRANSFORMATIONOPERATOR3D(#2242,#2243,#2244,$,#2245);
#2247=IFCDIRECTION((0.76604444311897801,-0.64278760968653925,0.));
#2248=IFCDIRECTION((0.64278760968653925,0.76604444311897801,0.));
#2249=IFCCARTESIANPOINT((-18.810995802943964,24.317213793955776,0.));
#2250=IFCDIRECTION((0.,0.,1.));
#2251=IFCCARTESIANTRANSFORMATIONOPERATOR3D(#2247,#2248,#2249,$,#2250);
#2252=IFCDIRECTION((0.70710678118654757,-0.70710678118654757,0.));
#2253=IFCDIRECTION((0.70710678118654757,0.70710678118654757,0.));
#2254=IFCCARTESIANPOINT((-19.840620433565945,28.100505063388336,0.));
#2255=IFCDIRECTION((0.,0.,1.));
#2256=IFCCARTESIANTRANSFORMATIONOPERATOR3D(#2252,#2253,#2254,$,#2255);
#2257=IFCDIRECTION((0.64278760968653936,-0.76604444311897801,0.));
#2258=IFCDIRECTION((0.76604444311897801,0.64278760968653936,0.));
#2259=IFCCARTESIANPOINT((-20.536591470998111,31.959137466766979,0.));
#2260=IFCDIRECTION((0.,0.,1.));
#2261=IFCCARTESIANTRANSFORMATIONOPERATOR3D(#2257,#2258,#2259,$,#2260);
#2262=IFCDIRECTION((0.57357643635104605,-0.8191520442889918,0.));
#2263=IFCDIRECTION((0.8191520442889918,0.57357643635104605,0.));
#2264=IFCCARTESIANPOINT((-20.893612155406792,35.863744481596058,0.));
#2265=IFCDIRECTION((0.,0.,1.));
#2266=IFCCARTESIANTRANSFORMATIONOPERATOR3D(#2262,#2263,#2264,$,#2265);
#2267=IFCDIRECTION((0.50000000000000011,-0.8660254037844386,0.));
#2268=IFCDIRECTION((0.8660254037844386,0.50000000000000011,0.));
#2269=IFCCARTESIANPOINT((-20.908965343808674,39.784609690826528,0.));
#2270=IFCDIRECTION((0.,0.,1.));
#2271=IFCCARTESIANTRANSFORMATIONOPERATOR3D(#2267,#2268,#2269,$,#2270);
#2272=IFCDIRECTION((0.42261826174069944,-0.90630778703664994,0.));
#2273=IFCDIRECTION((0.90630778703664994,0.42261826174069944,0.));
#2274=IFCCARTESIANPOINT((-20.582534189169479,43.69189294273302,0.));
#2275=IFCDIRECTION((0.,0.,1.));
#2276=IFCCARTESIANTRANSFORMATIONOPERATOR3D(#2272,#2273,#2274,$,#2275);
#2277=IFCDIRECTION((0.34202014332566882,-0.93969262078590832,0.));
#2278=IFCDIRECTION((0.93969262078590832,0.34202014332566882,0.));
#2279=IFCCARTESIANPOINT((-19.916803029680565,47.555857452486386,0.));
#2280=IFCDIRECTION((0.,0.,1.));
#2281=IFCCARTESIANTRANSFORMATIONOPERATOR3D(#2277,#2278,#2279,$,#2280);
#2282=IFCDIRECTION((0.25881904510252074,-0.96592582628906831,0.));
#2283=IFCDIRECTION((0.96592582628906831,0.25881904510252074,0.));
#2284=IFCCARTESIANPOINT((-18.91683848144509,51.347096117041851,0.));
#2285=IFCDIRECTION((0.,0.,1.));
#2286=IFCCARTESIANTRANSFORMATIONOPERATOR3D(#2282,#2283,#2284,$,#2285);
#2287=IFCDIRECTION((0.17364817766693041,-0.98480775301220802,0.));
#2288=IFCDIRECTION((0.98480775301220802,0.17364817766693041,0.));
#2289=IFCCARTESIANPOINT((-17.590250878470236,55.036755320949638,0.));
#2290=IFCDIRECTION((0.,0.,1.));
#2291=IFCCARTESIANTRANSFORMATIONOPERATOR3D(#2287,#2288,#2289,$,#2290);
#2292=IFCDIRECTION((0.087155742747658138,-0.99619469809174555,0.));
#2293=IFCDIRECTION((0.99619469809174555,0.087155742747658138,0.));
#2294=IFCCARTESIANPOINT((-15.947136353430125,58.596754529790886,0.));
#2295=IFCDIRECTION((0.,0.,1.));
#2296=IFCCARTESIANTRANSFORMATIONOPERATOR3D(#2292,#2293,#2294,$,#2295);
#2297=IFCDIRECTION((6.123233995736766E-17,-1.,0.));
#2298=IFCDIRECTION((1.,6.123233995736766E-17,0.));
#2299=IFCCARTESIANPOINT((-14.,62.,0.));
#2300=IFCDIRECTION((0.,0.,1.));
#2301=IFCCARTESIANTRANSFORMATIONOPERATOR3D(#2297,#2298,#2299,$,#2300);
#2302=IFCDIRECTION((-0.087155742747658235,-0.99619469809174555,0.));
#2303=IFCDIRECTION((0.99619469809174555,-0.087155742747658235,0.));
#2304=IFCCARTESIANPOINT((-11.763660701542534,65.220590978612904,0.));
#2305=IFCDIRECTION((0.,0.,1.));
#2306=IFCCARTESIANTRANSFORMATIONOPERATOR3D(#2302,#2303,#2304,$,#2305);
#2307=IFCDIRECTION((-0.1736481776669303,-0.98480775301220802,0.));
#2308=IFCDIRECTION((0.98480775301220802,-0.1736481776669303,0.));
#2309=IFCCARTESIANPOINT((-9.2551383504575782,68.234016823636352,0.));
#2310=IFCDIRECTION((0.,0.,1.));
#2311=IFCCARTESIANTRANSFORMATIONOPERATOR3D(#2307,#2308,#2309,$,#2310);
#2312=IFCDIRECTION((-0.25881904510252085,-0.96592582628906831,0.));
#2313=IFCDIRECTION((0.96592582628906831,-0.25881904510252085,0.));
#2314=IFCCARTESIANPOINT((-6.4935243165240912,71.017343544833437,0.));
#2315=IFCDIRECTION((0.,0.,1.));
#2316=IFCCARTESIANTRANSFORMATIONOPERATOR3D(#2312,#2313,#2314,$,#2315);
#2317=IFCDIRECTION((-0.34202014332566871,-0.93969262078590843,0.));
#2318=IFCDIRECTION((0.93969262078590843,-0.34202014332566871,0.));
#2319=IFCCARTESIANPOINT((-3.4998361500484734,73.549388345237219,0.));
#2320=IFCDIRECTION((0.,0.,1.));
#2321=IFCCARTESIANTRANSFORMATIONOPERATOR3D(#2317,#2318,#2319,$,#2320);
#2322=IFCDIRECTION((-0.42261826174069933,-0.90630778703665005,0.));
#2323=IFCDIRECTION((0.90630778703665005,-0.42261826174069933,0.));
#2324=IFCCARTESIANPOINT((-0.29685762561592099,75.810880835026182,0.));
#2325=IFCDIRECTION((0.,0.,1.));
#2326=IFCCARTESIANTRANSFORMATIONOPERATOR3D(#2322,#2323,#2324,$,#2325);
#2327=IFCDIRECTION((-0.49999999999999978,-0.86602540378443871,0.));
#2328=IFCDIRECTION((0.86602540378443871,-0.49999999999999978,0.));
#2329=IFCCARTESIANPOINT((3.0910346561913187,77.784609690826528,0.));
#2330=IFCDIRECTION((0.,0.,1.));
#2331=IFCCARTESIANTRANSFORMATIONOPERATOR3D(#2327,#2328,#2329,$,#2330);
#2332=IFCDIRECTION((-0.57357643635104616,-0.81915204428899169,0.));
#2333=IFCDIRECTION((0.81915204428899169,-0.57357643635104616,0.));
#2334=IFCCARTESIANPOINT((6.638056789443425,79.455553644275554,0.));
#2335=IFCDIRECTION((0.,0.,1.));
#2336=IFCCARTESIANTRANSFORMATIONOPERATOR3D(#2332,#2333,#2334,$,#2335);
#2337=IFCDIRECTION((-0.64278760968653936,-0.76604444311897801,0.));
#2338=IFCDIRECTION((0.76604444311897801,-0.64278760968653936,0.));
#2339=IFCCARTESIANPOINT((10.31721379395578,80.810995802943964,0.));
#2340=IFCDIRECTION((0.,0.,1.));
#2341=IFCCARTESIANTRANSFORMATIONOPERATOR3D(#2337,#2338,#2339,$,#2340);
#2342=IFCDIRECTION((-0.70710678118654746,-0.70710678118654757,0.));
#2343=IFCDIRECTION((0.70710678118654757,-0.70710678118654746,0.));
#2344=IFCCARTESIANPOINT((14.100505063388333,81.840620433565945,0.));
#2345=IFCDIRECTION((0.,0.,1.));
#2346=IFCCARTESIANTRANSFORMATIONOPERATOR3D(#2342,#2343,#2344,$,#2345);
#2347=IFCDIRECTION((-0.7660444431189779,-0.64278760968653947,0.));
#2348=IFCDIRECTION((0.64278760968653947,-0.7660444431189779,0.));
#2349=IFCCARTESIANPOINT((17.959137466766968,82.536591470998104,0.));
#2350=IFCDIRECTION((0.,0.,1.));
#2351=IFCCARTESIANTRANSFORMATIONOPERATOR3D(#2347,#2348,#2349,$,#2350);
#2352=IFCDIRECTION((-0.81915204428899191,-0.57357643635104594,0.));
#2353=IFCDIRECTION((0.57357643635104594,-0.81915204428899191,0.));
#2354=IFCCARTESIANPOINT((21.863744481596061,82.8936121554068,0.));
#2355=IFCDIRECTION((0.,0.,1.));
#2356=IFCCARTESIANTRANSFORMATIONOPERATOR3D(#2352,#2353,#2354,$,#2355);
#2357=IFCDIRECTION((-0.86602540378443871,-0.49999999999999994,0.));
#2358=IFCDIRECTION((0.49999999999999994,-0.86602540378443871,0.));
#2359=IFCCARTESIANPOINT((25.784609690826532,82.908965343808674,0.));
#2360=IFCDIRECTION((0.,0.,1.));
#2361=IFCCARTESIANTRANSFORMATIONOPERATOR3D(#2357,#2358,#2359,$,#2360);
#2362=IFCDIRECTION((-0.90630778703664994,-0.4226182617406995,0.));
#2363=IFCDIRECTION((0.4226182617406995,-0.90630778703664994,0.));
#2364=IFCCARTESIANPOINT((29.691892942733016,82.582534189169479,0.));
#2365=IFCDIRECTION((0.,0.,1.));
#2366=IFCCARTESIANTRANSFORMATIONOPERATOR3D(#2362,#2363,#2364,$,#2365);
#2367=IFCDIRECTION((-0.93969262078590832,-0.34202014332566888,0.));
#2368=IFCDIRECTION((0.34202014332566888,-0.93969262078590832,0.));
#2369=IFCCARTESIANPOINT((33.555857452486379,81.916803029680565,0.));
#2370=IFCDIRECTION((0.,0.,1.));
#2371=IFCCARTESIANTRANSFORMATIONOPERATOR3D(#2367,#2368,#2369,$,#2370);
#2372=IFCDIRECTION((-0.9659258262890682,-0.25881904510252102,0.));
#2373=IFCDIRECTION((0.25881904510252102,-0.9659258262890682,0.));
#2374=IFCCARTESIANPOINT((37.347096117041836,80.916838481445097,0.));
#2375=IFCDIRECTION((0.,0.,1.));
#2376=IFCCARTESIANTRANSFORMATIONOPERATOR3D(#2372,#2373,#2374,$,#2375);
#2377=IFCDIRECTION((-0.98480775301220802,-0.17364817766693028,0.));
#2378=IFCDIRECTION((0.17364817766693028,-0.98480775301220802,0.));
#2379=IFCCARTESIANPOINT((41.036755320949638,79.590250878470243,0.));
#2380=IFCDIRECTION((0.,0.,1.));
#2381=IFCCARTESIANTRANSFORMATIONOPERATOR3D(#2377,#2378,#2379,$,#2380);
#2382=IFCDIRECTION((-0.99619469809174555,-0.087155742747658194,0.));
#2383=IFCDIRECTION((0.087155742747658194,-0.99619469809174555,0.));
#2384=IFCCARTESIANPOINT((44.596754529790886,77.947136353430125,0.));
#2385=IFCDIRECTION((0.,0.,1.));
#2386=IFCCARTESIANTRANSFORMATIONOPERATOR3D(#2382,#2383,#2384,$,#2385);
#2387=IFCDIRECTION((-1.,-1.2246467991473532E-16,0.));
#2388=IFCDIRECTION((1.2246467991473532E-16,-1.,0.));
#2389=IFCCARTESIANPOINT((48.,76.,0.));
#2390=IFCDIRECTION((0.,0.,1.));
#2391=IFCCARTESIANTRANSFORMATIONOPERATOR3D(#2387,#2388,#2389,$,#2390);
#2392=IFCDIRECTION((-0.99619469809174555,0.087155742747657944,0.));
#2393=IFCDIRECTION((-0.087155742747657944,-0.99619469809174555,0.));
#2394=IFCCARTESIANPOINT((51.220590978612897,73.763660701542534,0.));
#2395=IFCDIRECTION((0.,0.,1.));
#2396=IFCCARTESIANTRANSFORMATIONOPERATOR3D(#2392,#2393,#2394,$,#2395);
#2397=IFCDIRECTION((-0.98480775301220802,0.17364817766693047,0.));
#2398=IFCDIRECTION((-0.17364817766693047,-0.98480775301220802,0.));
#2399=IFCCARTESIANPOINT((54.234016823636352,71.255138350457571,0.));
#2400=IFCDIRECTION((0.,0.,1.));
#2401=IFCCARTESIANTRANSFORMATIONOPERATOR3D(#2397,#2398,#2399,$,#2400);
#2402=IFCDIRECTION((-0.96592582628906831,0.25881904510252079,0.));
#2403=IFCDIRECTION((-0.25881904510252079,-0.96592582628906831,0.));
#2404=IFCCARTESIANPOINT((57.01734354483343,68.493524316524088,0.));
#2405=IFCDIRECTION((0.,0.,1.));
#2406=IFCCARTESIANTRANSFORMATIONOPERATOR3D(#2402,#2403,#2404,$,#2405);
#2407=IFCDIRECTION((-0.93969262078590843,0.34202014332566866,0.));
#2408=IFCDIRECTION((-0.34202014332566866,-0.93969262078590843,0.));
#2409=IFCCARTESIANPOINT((59.549388345237212,65.49983615004848,0.));
#2410=IFCDIRECTION((0.,0.,1.));
#2411=IFCCARTESIANTRANSFORMATIONOPERATOR3D(#2407,#2408,#2409,$,#2410);
#2412=IFCDIRECTION((-0.90630778703665005,0.42261826174069927,0.));
#2413=IFCDIRECTION((-0.42261826174069927,-0.90630778703665005,0.));
#2414=IFCCARTESIANPOINT((61.810880835026175,62.296857625615921,0.));
#2415=IFCDIRECTION((0.,0.,1.));
#2416=IFCCARTESIANTRANSFORMATIONOPERATOR3D(#2412,#2413,#2414,$,#2415);
#2417=IFCDIRECTION((-0.8660254037844386,0.50000000000000011,0.));
#2418=IFCDIRECTION((-0.50000000000000011,-0.8660254037844386,0.));
#2419=IFCCARTESIANPOINT((63.784609690826528,58.90896534380866,0.));
#2420=IFCDIRECTION((0.,0.,1.));
#2421=IFCCARTESIANTRANSFORMATIONOPERATOR3D(#2417,#2418,#2419,$,#2420);
#2422=IFCDIRECTION((-0.8191520442889918,0.57357643635104616,0.));
#2423=IFCDIRECTION((-0.57357643635104616,-0.8191520442889918,0.));
#2424=IFCCARTESIANPOINT((65.455553644275554,55.361943210556575,0.));
#2425=IFCDIRECTION((0.,0.,1.));
#2426=IFCCARTESIANTRANSFORMATIONOPERATOR3D(#2422,#2423,#2424,$,#2425);
#2427=IFCDIRECTION((-0.76604444311897801,0.64278760968653925,0.));
#2428=IFCDIRECTION((-0.64278760968653925,-0.76604444311897801,0.));
#2429=IFCCARTESIANPOINT((66.810995802943964,51.682786206044227,0.));
#2430=IFCDIRECTION((0.,0.,1.));
#2431=IFCCARTESIANTRANSFORMATIONOPERATOR3D(#2427,#2428,#2429,$,#2430);
#2432=IFCDIRECTION((-0.70710678118654768,0.70710678118654746,0.));
#2433=IFCDIRECTION((-0.70710678118654746,-0.70710678118654768,0.));
#2434=IFCCARTESIANPOINT((67.840620433565945,47.899494936611674,0.));
#2435=IFCDIRECTION((0.,0.,1.));
#2436=IFCCARTESIANTRANSFORMATIONOPERATOR3D(#2432,#2433,#2434,$,#2435);
#2437=IFCDIRECTION((-0.64278760968653947,0.7660444431189779,0.));
#2438=IFCDIRECTION((-0.7660444431189779,-0.64278760968653947,0.));
#2439=IFCCARTESIANPOINT((68.536591470998104,44.040862533233032,0.));
#2440=IFCDIRECTION((0.,0.,1.));
#2441=IFCCARTESIANTRANSFORMATIONOPERATOR3D(#2437,#2438,#2439,$,#2440);
#2442=IFCDIRECTION((-0.57357643635104638,0.81915204428899158,0.));
#2443=IFCDIRECTION((-0.81915204428899158,-0.57357643635104638,0.));
#2444=IFCCARTESIANPOINT((68.8936121554068,40.136255518403964,0.));
#2445=IFCDIRECTION((0.,0.,1.));
#2446=IFCCARTESIANTRANSFORMATIONOPERATOR3D(#2442,#2443,#2444,$,#2445);
#2447=IFCDIRECTION((-0.50000000000000044,0.86602540378443849,0.));
#2448=IFCDIRECTION((-0.86602540378443849,-0.50000000000000044,0.));
#2449=IFCCARTESIANPOINT((68.908965343808674,36.215390309173493,0.));
#2450=IFCDIRECTION((0.,0.,1.));
#2451=IFCCARTESIANTRANSFORMATIONOPERATOR3D(#2447,#2448,#2449,$,#2450);
#2452=IFCDIRECTION((-0.42261826174069916,0.90630778703665016,0.));
#2453=IFCDIRECTION((-0.90630778703665016,-0.42261826174069916,0.));
#2454=IFCCARTESIANPOINT((68.582534189169479,32.308107057266966,0.));
#2455=IFCDIRECTION((0.,0.,1.));
#2456=IFCCARTESIANTRANSFORMATIONOPERATOR3D(#2452,#2453,#2454,$,#2455);
#2457=IFCDIRECTION((-0.34202014332566855,0.93969262078590843,0.));
#2458=IFCDIRECTION((-0.93969262078590843,-0.34202014332566855,0.));
#2459=IFCCARTESIANPOINT((67.916803029680565,28.4441425475136,0.));
#2460=IFCDIRECTION((0.,0.,1.));
#2461=IFCCARTESIANTRANSFORMATIONOPERATOR3D(#2457,#2458,#2459,$,#2460);
#2462=IFCDIRECTION((-0.25881904510252063,0.96592582628906831,0.));
#2463=IFCDIRECTION((-0.96592582628906831,-0.25881904510252063,0.));
#2464=IFCCARTESIANPOINT((66.916838481445097,24.652903882958142,0.));
#2465=IFCDIRECTION((0.,0.,1.));
#2466=IFCCARTESIANTRANSFORMATIONOPERATOR3D(#2462,#2463,#2464,$,#2465);
#2467=IFCDIRECTION((-0.17364817766693033,0.98480775301220802,0.));
#2468=IFCDIRECTION((-0.98480775301220802,-0.17364817766693033,0.));
#2469=IFCCARTESIANPOINT((65.590250878470243,20.963244679050362,0.));
#2470=IFCDIRECTION((0.,0.,1.));
#2471=IFCCARTESIANTRANSFORMATIONOPERATOR3D(#2467,#2468,#2469,$,#2470);
#2472=IFCDIRECTION((-0.087155742747658249,0.99619469809174555,0.));
#2473=IFCDIRECTION((-0.99619469809174555,-0.087155742747658249,0.));
#2474=IFCCARTESIANPOINT((63.947136353430125,17.403245470209118,0.));
#2475=IFCDIRECTION((0.,0.,1.));
#2476=IFCCARTESIANTRANSFORMATIONOPERATOR3D(#2472,#2473,#2474,$,#2475);
#2477=IFCDIRECTION((-1.8369701987210297E-16,1.,0.));
#2478=IFCDIRECTION((-1.,-1.8369701987210297E-16,0.));
#2479=IFCCARTESIANPOINT((62.000000000000007,14.000000000000007,0.));
#2480=IFCDIRECTION((0.,0.,1.));
#2481=IFCCARTESIANTRANSFORMATIONOPERATOR3D(#2477,#2478,#2479,$,#2480);
#2482=IFCDIRECTION((0.087155742747657888,0.99619469809174555,0.));
#2483=IFCDIRECTION((-0.99619469809174555,0.087155742747657888,0.));
#2484=IFCCARTESIANPOINT((59.763660701542541,10.779409021387107,0.));
#2485=IFCDIRECTION((0.,0.,1.));
#2486=IFCCARTESIANTRANSFORMATIONOPERATOR3D(#2482,#2483,#2484,$,#2485);
#2487=IFCDIRECTION((0.17364817766692997,0.98480775301220813,0.));
#2488=IFCDIRECTION((-0.98480775301220813,0.17364817766692997,0.));
#2489=IFCCARTESIANPOINT((57.255138350457585,7.7659831763636653,0.));
#2490=IFCDIRECTION((0.,0.,1.));
#2491=IFCCARTESIANTRANSFORMATIONOPERATOR3D(#2487,#2488,#2489,$,#2490);
#2492=IFCDIRECTION((0.2588190451025203,0.96592582628906842,0.));
#2493=IFCDIRECTION((-0.96592582628906842,0.2588190451025203,0.));
#2494=IFCCARTESIANPOINT((54.493524316524116,4.9826564551665911,0.));
#2495=IFCDIRECTION((0.,0.,1.));
#2496=IFCCARTESIANTRANSFORMATIONOPERATOR3D(#2492,#2493,#2494,$,#2495);
#2497=IFCDIRECTION((0.34202014332566899,0.93969262078590832,0.));
#2498=IFCDIRECTION((-0.93969262078590832,0.34202014332566899,0.));
#2499=IFCCARTESIANPOINT((51.499836150048459,2.4506116547627812,0.));
#2500=IFCDIRECTION((0.,0.,1.));
#2501=IFCCARTESIANTRANSFORMATIONOPERATOR3D(#2497,#2498,#2499,$,#2500);
#2502=IFCDIRECTION((0.42261826174069961,0.90630778703664983,0.));
#2503=IFCDIRECTION((-0.90630778703664983,0.42261826174069961,0.));
#2504=IFCCARTESIANPOINT((48.296857625615907,0.18911916497381753,0.));
#2505=IFCDIRECTION((0.,0.,1.));
#2506=IFCCARTESIANTRANSFORMATIONOPERATOR3D(#2502,#2503,#2504,$,#2505);
#2507=IFCDIRECTION((0.50000000000000011,0.8660254037844386,0.));
#2508=IFCDIRECTION((-0.8660254037844386,0.50000000000000011,0.));
#2509=IFCCARTESIANPOINT((44.90896534380866,-1.7846096908265281,0.));
#2510=IFCDIRECTION((0.,0.,1.));
#2511=IFCCARTESIANTRANSFORMATIONOPERATOR3D(#2507,#2508,#2509,$,#2510);
#2512=IFCDIRECTION((0.57357643635104605,0.8191520442889918,0.));
#2513=IFCDIRECTION((-0.8191520442889918,0.57357643635104605,0.));
#2514=IFCCARTESIANPOINT((41.361943210556582,-3.4555536442755539,0.));
#2515=IFCDIRECTION((0.,0.,1.));
#2516=IFCCARTESIANTRANSFORMATIONOPERATOR3D(#2512,#2513,#2514,$,#2515);
#2517=IFCDIRECTION((0.64278760968653925,0.76604444311897812,0.));
#2518=IFCDIRECTION((-0.76604444311897812,0.64278760968653925,0.));
#2519=IFCCARTESIANPOINT((37.682786206044227,-4.8109958029439639,0.));
#2520=IFCDIRECTION((0.,0.,1.));
#2521=IFCCARTESIANTRANSFORMATIONOPERATOR3D(#2517,#2518,#2519,$,#2520);
#2522=IFCDIRECTION((0.70710678118654735,0.70710678118654768,0.));
#2523=IFCDIRECTION((-0.70710678118654768,0.70710678118654735,0.));
#2524=IFCCARTESIANPOINT((33.899494936611674,-5.8406204335659453,0.));
#2525=IFCDIRECTION((0.,0.,1.));
#2526=IFCCARTESIANTRANSFORMATIONOPERATOR3D(#2522,#2523,#2524,$,#2525);
#2527=IFCDIRECTION((0.76604444311897779,0.64278760968653958,0.));
#2528=IFCDIRECTION((-0.64278760968653958,0.76604444311897779,0.));
#2529=IFCCARTESIANPOINT((30.040862533233039,-6.5365914709981041,0.));
#2530=IFCDIRECTION((0.,0.,1.));
#2531=IFCCARTESIANTRANSFORMATIONOPERATOR3D(#2527,#2528,#2529,$,#2530);
#2532=IFCDIRECTION((0.81915204428899158,0.57357643635104649,0.));
#2533=IFCDIRECTION((-0.57357643635104649,0.81915204428899158,0.));
#2534=IFCCARTESIANPOINT((26.136255518403967,-6.8936121554067995,0.));
#2535=IFCDIRECTION((0.,0.,1.));
#2536=IFCCARTESIANTRANSFORMATIONOPERATOR3D(#2532,#2533,#2534,$,#2535);
#2537=IFCDIRECTION((0.86602540378443837,0.50000000000000044,0.));
#2538=IFCDIRECTION((-0.50000000000000044,0.86602540378443837,0.));
#2539=IFCCARTESIANPOINT((22.215390309173497,-6.9089653438086742,0.));
#2540=IFCDIRECTION((0.,0.,1.));
#2541=IFCCARTESIANTRANSFORMATIONOPERATOR3D(#2537,#2538,#2539,$,#2540);
#2542=IFCDIRECTION((0.90630778703665005,0.42261826174069922,0.));
#2543=IFCDIRECTION((-0.42261826174069922,0.90630778703665005,0.));
#2544=IFCCARTESIANPOINT((18.30810705726697,-6.5825341891694862,0.));
#2545=IFCDIRECTION((0.,0.,1.));
#2546=IFCCARTESIANTRANSFORMATIONOPERATOR3D(#2542,#2543,#2544,$,#2545);
#2547=IFCDIRECTION((0.93969262078590843,0.3420201433256686,0.));
#2548=IFCDIRECTION((-0.3420201433256686,0.93969262078590843,0.));
#2549=IFCCARTESIANPOINT((14.444142547513605,-5.9168030296805654,0.));
#2550=IFCDIRECTION((0.,0.,1.));
#2551=IFCCARTESIANTRANSFORMATIONOPERATOR3D(#2547,#2548,#2549,$,#2550);
#2552=IFCDIRECTION((0.96592582628906831,0.25881904510252068,0.));
#2553=IFCDIRECTION((-0.25881904510252068,0.96592582628906831,0.));
#2554=IFCCARTESIANPOINT((10.652903882958146,-4.9168384814450903,0.));
#2555=IFCDIRECTION((0.,0.,1.));
#2556=IFCCARTESIANTRANSFORMATIONOPERATOR3D(#2552,#2553,#2554,$,#2555);
#2557=IFCDIRECTION((0.98480775301220802,0.17364817766693039,0.));
#2558=IFCDIRECTION((-0.17364817766693039,0.98480775301220802,0.));
#2559=IFCCARTESIANPOINT((6.9632446790503622,-3.5902508784702363,0.));
#2560=IFCDIRECTION((0.,0.,1.));
#2561=IFCCARTESIANTRANSFORMATIONOPERATOR3D(#2557,#2558,#2559,$,#2560);
#2562=IFCDIRECTION((0.99619469809174555,0.087155742747658319,0.));
#2563=IFCDIRECTION((-0.087155742747658319,0.99619469809174555,0.));
#2564=IFCCARTESIANPOINT((3.4032454702091215,-1.9471363534301318,0.));
#2565=IFCDIRECTION((0.,0.,1.));
#2566=IFCCARTESIANTRANSFORMATIONOPERATOR3D(#2562,#2563,#2564,$,#2565);
#2567=IFCSHAPEREPRESENTATION(#5,'Body','SweptSolid',(#17));
#2568=IFCCARTESIANPOINT((0.,0.,0.));
#2569=IFCAXIS2PLACEMENT3D(#2568,$,$);
#2570=IFCREPRESENTATIONMAP(#2569,#2567);
#2571=IFCMAPPEDITEM(#2570,#22);
#2572=IFCMAPPEDITEM(#2570,#27);
#2573=IFCMAPPEDITEM(#2570,#32);
#2574=IFCMAPPEDITEM(#2570,#37);
#2575=IFCMAPPEDITEM(#2570,#42);
#2576=IFCMAPPEDITEM(#2570,#47);
#2577=IFCMAPPEDITEM(#2570,#52);
#2578=IFCMAPPEDITEM(#2570,#57);
#2579=IFCMAPPEDITEM(#2570,#62);
#2580=IFCMAPPEDITEM(#2570,#67);
#2581=IFCMAPPEDITEM(#2570,#72);
#2582=IFCMAPPEDITEM(#2570,#77);
#2583=IFCMAPPEDITEM(#2570,#82);
#2584=IFCMAPPEDITEM(#2570,#87);
#2585=IFCMAPPEDITEM(#2570,#92);
#2586=IFCMAPPEDITEM(#2570,#97);
#2587=IFCMAPPEDITEM(#2570,#102);
#2588=IFCMAPPEDITEM(#2570,#107);
#2589=IFCMAPPEDITEM(#2570,#112);
#2590=IFCMAPPEDITEM(#2570,#117);
#2591=IFCMAPPEDITEM(#2570,#122);
#2592=IFCMAPPEDITEM(#2570,#127);
#2593=IFCMAPPEDITEM(#2570,#132);
#2594=IFCMAPPEDITEM(#2570,#137);
#2595=IFCMAPPEDITEM(#2570,#142);
#2596=IFCMAPPEDITEM(#2570,#147);
#2597=IFCMAPPEDITEM(#2570,#152);
#2598=IFCMAPPEDITEM(#2570,#157);
#2599=IFCMAPPEDITEM(#2570,#162);
#2600=IFCMAPPEDITEM(#2570,#167);
#2601=IFCMAPPEDITEM(#2570,#172);
#2602=IFCMAPPEDITEM(#2570,#177);
#2603=IFCMAPPEDITEM(#2570,#182);
#2604=IFCMAPPEDITEM(#2570,#187);
#2605=IFCMAPPEDITEM(#2570,#192);
#2606=IFCMAPPEDITEM(#2570,#197);
#2607=IFCSHAPEREPRESENTATION(#5,'Body','MappedRepresentation',(#2571,#2572,#2573,#2574,#2575,#2576,#2577,#2578,#2579,#2580,#2581,#2582,#2583,#2584,#2585,#2586,#2587,#2588,#2589,#2590,#2591,#2592,#2593,#2594,#2595,#2596,#2597,#2598,#2599,#2600,#2601,#2602,#2603,#2604,#2605,#2606));
#2608=IFCCARTESIANPOINT((0.,0.,0.));
#2609=IFCAXIS2PLACEMENT3D(#2608,$,$);
#2610=IFCLOCALPLACEMENT($,#2609);
#2611=IFCPRODUCTDEFINITIONSHAPE($,$,(#2607));
#2612=IFCBUILDINGELEMENTPROXY('0KLEFobU2KgQTgaPXynwhp',$,'aedicula-ring-object',$,'aedicula-ring',#2610,#2611,$,$);
#2613=IFCPROPERTYSINGLEVALUE('archflow:bindings',$,IFCTEXT('aedicula-binding'),$);
#2614=IFCPROPERTYSINGLEVALUE('archflow:commitments',$,IFCTEXT('commitment:preserve-monument-envelope'),$);
#2615=IFCPROPERTYSINGLEVALUE('archflow:component',$,IFCTEXT('aedicula-ring'),$);
#2616=IFCPROPERTYSINGLEVALUE('archflow:evidence',$,IFCTEXT('brief-claim:claim.occupancy'),$);
#2617=IFCPROPERTYSINGLEVALUE('archflow:producer_op',$,IFCTEXT('aedicula-ring'),$);
#2618=IFCPROPERTYSINGLEVALUE('archflow:program_record',$,IFCTEXT('production-geometry-program-000-af61ca3f58bf56f618c219d1a6a3808afb6412b40dcc4fc560241630b7ff9f35.json'),$);
#2619=IFCPROPERTYSINGLEVALUE('archflow:proposal_digest',$,IFCTEXT('ccc08756031c37f195dedd8dae6bfc65f90b719ba6f72ce5fd6733ce2aed94d7'),$);
#2620=IFCPROPERTYSINGLEVALUE('archflow:proposal_id',$,IFCTEXT('monument-geometry-stage-3'),$);
#2621=IFCPROPERTYSET('0G8j$iESSt_pQJbE84Jlbk',$,'Archflow_Semantics',$,(#2613,#2614,#2615,#2616,#2617,#2618,#2619,#2620));
#2622=IFCRELDEFINESBYPROPERTIES('1sUa6Ab$XITGXHbvMn6mqb',$,$,$,(#2612),#2621);
#2623=IFCSHAPEREPRESENTATION(#5,'Body','SweptSolid',(#204));
#2624=IFCCARTESIANPOINT((0.,0.,0.));
#2625=IFCAXIS2PLACEMENT3D(#2624,$,$);
#2626=IFCREPRESENTATIONMAP(#2625,#2623);
#2627=IFCMAPPEDITEM(#2626,#206);
#2628=IFCMAPPEDITEM(#2626,#208);
#2629=IFCMAPPEDITEM(#2626,#210);
#2630=IFCMAPPEDITEM(#2626,#212);
#2631=IFCMAPPEDITEM(#2626,#214);
#2632=IFCMAPPEDITEM(#2626,#216);
#2633=IFCMAPPEDITEM(#2626,#218);
#2634=IFCMAPPEDITEM(#2626,#220);
#2635=IFCMAPPEDITEM(#2626,#222);
#2636=IFCSHAPEREPRESENTATION(#5,'Body','MappedRepresentation',(#2627,#2628,#2629,#2630,#2631,#2632,#2633,#2634,#2635));
#2637=IFCCARTESIANPOINT((0.,0.,0.));
#2638=IFCAXIS2PLACEMENT3D(#2637,$,$);
#2639=IFCLOCALPLACEMENT($,#2638);
#2640=IFCPRODUCTDEFINITIONSHAPE($,$,(#2636));
#2641=IFCCOLUMN('3pQFioeG25U3u3bjRxKBDc',$,'beam-ring-object',$,'colonnade',#2639,#2640,$,$);
#2642=IFCPROPERTYSINGLEVALUE('archflow:bindings',$,IFCTEXT('colonnade-binding'),$);
#2643=IFCPROPERTYSINGLEVALUE('archflow:commitments',$,IFCTEXT('commitment:preserve-monument-envelope'),$);
#2644=IFCPROPERTYSINGLEVALUE('archflow:component',$,IFCTEXT('colonnade'),$);
#2645=IFCPROPERTYSINGLEVALUE('archflow:evidence',$,IFCTEXT('brief-claim:claim.occupancy'),$);
#2646=IFCPROPERTYSINGLEVALUE('archflow:producer_op',$,IFCTEXT('beam-ring'),$);
#2647=IFCPROPERTYSINGLEVALUE('archflow:program_record',$,IFCTEXT('production-geometry-program-000-af61ca3f58bf56f618c219d1a6a3808afb6412b40dcc4fc560241630b7ff9f35.json'),$);
#2648=IFCPROPERTYSINGLEVALUE('archflow:proposal_digest',$,IFCTEXT('ccc08756031c37f195dedd8dae6bfc65f90b719ba6f72ce5fd6733ce2aed94d7'),$);
#2649=IFCPROPERTYSINGLEVALUE('archflow:proposal_id',$,IFCTEXT('monument-geometry-stage-3'),$);
#2650=IFCPROPERTYSET('1tkBbQeAqa1UzpkT3TrNMX',$,'Archflow_Semantics',$,(#2642,#2643,#2644,#2645,#2646,#2647,#2648,#2649));
#2651=IFCRELDEFINESBYPROPERTIES('1BGizFz_$5ELwkPnZXWnWu',$,$,$,(#2641),#2650);
#2652=IFCSHAPEREPRESENTATION(#5,'Body','SweptSolid',(#229));
#2653=IFCCARTESIANPOINT((0.,0.,0.));
#2654=IFCAXIS2PLACEMENT3D(#2653,$,$);
#2655=IFCREPRESENTATIONMAP(#2654,#2652);
#2656=IFCMAPPEDITEM(#2655,#231);
#2657=IFCMAPPEDITEM(#2655,#233);
#2658=IFCMAPPEDITEM(#2655,#235);
#2659=IFCMAPPEDITEM(#2655,#237);
#2660=IFCMAPPEDITEM(#2655,#239);
#2661=IFCMAPPEDITEM(#2655,#241);
#2662=IFCMAPPEDITEM(#2655,#243);
#2663=IFCMAPPEDITEM(#2655,#245);
#2664=IFCSHAPEREPRESENTATION(#5,'Body','MappedRepresentation',(#2656,#2657,#2658,#2659,#2660,#2661,#2662,#2663));
#2665=IFCCARTESIANPOINT((0.,0.,0.));
#2666=IFCAXIS2PLACEMENT3D(#2665,$,$);
#2667=IFCLOCALPLACEMENT($,#2666);
#2668=IFCPRODUCTDEFINITIONSHAPE($,$,(#2664));
#2669=IFCCOLUMN('3wf34I9mWEzZl4c7qVHBBX',$,'cap-front-ring-object',$,'colonnade',#2667,#2668,$,$);
#2670=IFCPROPERTYSINGLEVALUE('archflow:bindings',$,IFCTEXT('colonnade-binding'),$);
#2671=IFCPROPERTYSINGLEVALUE('archflow:commitments',$,IFCTEXT('commitment:preserve-monument-envelope'),$);
#2672=IFCPROPERTYSINGLEVALUE('archflow:component',$,IFCTEXT('colonnade'),$);
#2673=IFCPROPERTYSINGLEVALUE('archflow:evidence',$,IFCTEXT('brief-claim:claim.occupancy'),$);
#2674=IFCPROPERTYSINGLEVALUE('archflow:producer_op',$,IFCTEXT('cap-front-ring'),$);
#2675=IFCPROPERTYSINGLEVALUE('archflow:program_record',$,IFCTEXT('production-geometry-program-000-af61ca3f58bf56f618c219d1a6a3808afb6412b40dcc4fc560241630b7ff9f35.json'),$);
#2676=IFCPROPERTYSINGLEVALUE('archflow:proposal_digest',$,IFCTEXT('ccc08756031c37f195dedd8dae6bfc65f90b719ba6f72ce5fd6733ce2aed94d7'),$);
#2677=IFCPROPERTYSINGLEVALUE('archflow:proposal_id',$,IFCTEXT('monument-geometry-stage-3'),$);
#2678=IFCPROPERTYSET('1E_HsMcr8MZfWMR1sXZC2W',$,'Archflow_Semantics',$,(#2670,#2671,#2672,#2673,#2674,#2675,#2676,#2677));
#2679=IFCRELDEFINESBYPROPERTIES('0ybh_vVzUB_MKDni_IPE30',$,$,$,(#2669),#2678);
#2680=IFCSHAPEREPRESENTATION(#5,'Body','SweptSolid',(#252));
#2681=IFCCARTESIANPOINT((0.,0.,0.));
#2682=IFCAXIS2PLACEMENT3D(#2681,$,$);
#2683=IFCREPRESENTATIONMAP(#2682,#2680);
#2684=IFCMAPPEDITEM(#2683,#254);
#2685=IFCMAPPEDITEM(#2683,#256);
#2686=IFCMAPPEDITEM(#2683,#258);
#2687=IFCMAPPEDITEM(#2683,#260);
#2688=IFCMAPPEDITEM(#2683,#262);
#2689=IFCMAPPEDITEM(#2683,#264);
#2690=IFCMAPPEDITEM(#2683,#266);
#2691=IFCMAPPEDITEM(#2683,#268);
#2692=IFCSHAPEREPRESENTATION(#5,'Body','MappedRepresentation',(#2684,#2685,#2686,#2687,#2688,#2689,#2690,#2691));
#2693=IFCCARTESIANPOINT((0.,0.,0.));
#2694=IFCAXIS2PLACEMENT3D(#2693,$,$);
#2695=IFCLOCALPLACEMENT($,#2694);
#2696=IFCPRODUCTDEFINITIONSHAPE($,$,(#2692));
#2697=IFCCOLUMN('0$aR4RGVTPDA3iUgTQfVFw',$,'cap-rear-ring-object',$,'colonnade',#2695,#2696,$,$);
#2698=IFCPROPERTYSINGLEVALUE('archflow:bindings',$,IFCTEXT('colonnade-binding'),$);
#2699=IFCPROPERTYSINGLEVALUE('archflow:commitments',$,IFCTEXT('commitment:preserve-monument-envelope'),$);
#2700=IFCPROPERTYSINGLEVALUE('archflow:component',$,IFCTEXT('colonnade'),$);
#2701=IFCPROPERTYSINGLEVALUE('archflow:evidence',$,IFCTEXT('brief-claim:claim.occupancy'),$);
#2702=IFCPROPERTYSINGLEVALUE('archflow:producer_op',$,IFCTEXT('cap-rear-ring'),$);
#2703=IFCPROPERTYSINGLEVALUE('archflow:program_record',$,IFCTEXT('production-geometry-program-000-af61ca3f58bf56f618c219d1a6a3808afb6412b40dcc4fc560241630b7ff9f35.json'),$);
#2704=IFCPROPERTYSINGLEVALUE('archflow:proposal_digest',$,IFCTEXT('ccc08756031c37f195dedd8dae6bfc65f90b719ba6f72ce5fd6733ce2aed94d7'),$);
#2705=IFCPROPERTYSINGLEVALUE('archflow:proposal_id',$,IFCTEXT('monument-geometry-stage-3'),$);
#2706=IFCPROPERTYSET('3L2EUv_TgXAvfEzYp0Kwhq',$,'Archflow_Semantics',$,(#2698,#2699,#2700,#2701,#2702,#2703,#2704,#2705));
#2707=IFCRELDEFINESBYPROPERTIES('0lmpRj6QMKV2POTGybUOHH',$,$,$,(#2697),#2706);
#2708=IFCSHAPEREPRESENTATION(#5,'Body','SweptSolid',(#275));
#2709=IFCCARTESIANPOINT((0.,0.,0.));
#2710=IFCAXIS2PLACEMENT3D(#2709,$,$);
#2711=IFCREPRESENTATIONMAP(#2710,#2708);
#2712=IFCMAPPEDITEM(#2711,#280);
#2713=IFCMAPPEDITEM(#2711,#285);
#2714=IFCMAPPEDITEM(#2711,#290);
#2715=IFCMAPPEDITEM(#2711,#295);
#2716=IFCMAPPEDITEM(#2711,#300);
#2717=IFCMAPPEDITEM(#2711,#305);
#2718=IFCMAPPEDITEM(#2711,#310);
#2719=IFCMAPPEDITEM(#2711,#315);
#2720=IFCMAPPEDITEM(#2711,#320);
#2721=IFCMAPPEDITEM(#2711,#325);
#2722=IFCMAPPEDITEM(#2711,#330);
#2723=IFCMAPPEDITEM(#2711,#335);
#2724=IFCMAPPEDITEM(#2711,#340);
#2725=IFCMAPPEDITEM(#2711,#345);
#2726=IFCMAPPEDITEM(#2711,#350);
#2727=IFCMAPPEDITEM(#2711,#355);
#2728=IFCMAPPEDITEM(#2711,#360);
#2729=IFCMAPPEDITEM(#2711,#365);
#2730=IFCMAPPEDITEM(#2711,#370);
#2731=IFCMAPPEDITEM(#2711,#375);
#2732=IFCMAPPEDITEM(#2711,#380);
#2733=IFCMAPPEDITEM(#2711,#385);
#2734=IFCMAPPEDITEM(#2711,#390);
#2735=IFCMAPPEDITEM(#2711,#395);
#2736=IFCMAPPEDITEM(#2711,#400);
#2737=IFCMAPPEDITEM(#2711,#405);
#2738=IFCMAPPEDITEM(#2711,#410);
#2739=IFCMAPPEDITEM(#2711,#415);
#2740=IFCSHAPEREPRESENTATION(#5,'Body','MappedRepresentation',(#2712,#2713,#2714,#2715,#2716,#2717,#2718,#2719,#2720,#2721,#2722,#2723,#2724,#2725,#2726,#2727,#2728,#2729,#2730,#2731,#2732,#2733,#2734,#2735,#2736,#2737,#2738,#2739));
#2741=IFCCARTESIANPOINT((0.,0.,0.));
#2742=IFCAXIS2PLACEMENT3D(#2741,$,$);
#2743=IFCLOCALPLACEMENT($,#2742);
#2744=IFCPRODUCTDEFINITIONSHAPE($,$,(#2740));
#2745=IFCCOVERING('2CW_w1wJKk81AyBKDyZdaL',$,'coffer-ring-0-object',$,'coffers',#2743,#2744,$,$);
#2746=IFCPROPERTYSINGLEVALUE('archflow:bindings',$,IFCTEXT('coffer-binding'),$);
#2747=IFCPROPERTYSINGLEVALUE('archflow:commitments',$,IFCTEXT('commitment:preserve-monument-envelope'),$);
#2748=IFCPROPERTYSINGLEVALUE('archflow:component',$,IFCTEXT('coffers'),$);
#2749=IFCPROPERTYSINGLEVALUE('archflow:evidence',$,IFCTEXT('brief-claim:claim.occupancy'),$);
#2750=IFCPROPERTYSINGLEVALUE('archflow:producer_op',$,IFCTEXT('coffer-ring-0'),$);
#2751=IFCPROPERTYSINGLEVALUE('archflow:program_record',$,IFCTEXT('production-geometry-program-000-af61ca3f58bf56f618c219d1a6a3808afb6412b40dcc4fc560241630b7ff9f35.json'),$);
#2752=IFCPROPERTYSINGLEVALUE('archflow:proposal_digest',$,IFCTEXT('ccc08756031c37f195dedd8dae6bfc65f90b719ba6f72ce5fd6733ce2aed94d7'),$);
#2753=IFCPROPERTYSINGLEVALUE('archflow:proposal_id',$,IFCTEXT('monument-geometry-stage-3'),$);
#2754=IFCPROPERTYSET('1o3yYAZd$UZBGZ3ISrgHuW',$,'Archflow_Semantics',$,(#2746,#2747,#2748,#2749,#2750,#2751,#2752,#2753));
#2755=IFCRELDEFINESBYPROPERTIES('0wDMrvpVQ8JCeI1$VN461m',$,$,$,(#2745),#2754);
#2756=IFCSHAPEREPRESENTATION(#5,'Body','SweptSolid',(#422));
#2757=IFCCARTESIANPOINT((0.,0.,0.));
#2758=IFCAXIS2PLACEMENT3D(#2757,$,$);
#2759=IFCREPRESENTATIONMAP(#2758,#2756);
#2760=IFCMAPPEDITEM(#2759,#427);
#2761=IFCMAPPEDITEM(#2759,#432);
#2762=IFCMAPPEDITEM(#2759,#437);
#2763=IFCMAPPEDITEM(#2759,#442);
#2764=IFCMAPPEDITEM(#2759,#447);
#2765=IFCMAPPEDITEM(#2759,#452);
#2766=IFCMAPPEDITEM(#2759,#457);
#2767=IFCMAPPEDITEM(#2759,#462);
#2768=IFCMAPPEDITEM(#2759,#467);
#2769=IFCMAPPEDITEM(#2759,#472);
#2770=IFCMAPPEDITEM(#2759,#477);
#2771=IFCMAPPEDITEM(#2759,#482);
#2772=IFCMAPPEDITEM(#2759,#487);
#2773=IFCMAPPEDITEM(#2759,#492);
#2774=IFCMAPPEDITEM(#2759,#497);
#2775=IFCMAPPEDITEM(#2759,#502);
#2776=IFCMAPPEDITEM(#2759,#507);
#2777=IFCMAPPEDITEM(#2759,#512);
#2778=IFCMAPPEDITEM(#2759,#517);
#2779=IFCMAPPEDITEM(#2759,#522);
#2780=IFCMAPPEDITEM(#2759,#527);
#2781=IFCMAPPEDITEM(#2759,#532);
#2782=IFCMAPPEDITEM(#2759,#537);
#2783=IFCMAPPEDITEM(#2759,#542);
#2784=IFCMAPPEDITEM(#2759,#547);
#2785=IFCMAPPEDITEM(#2759,#552);
#2786=IFCMAPPEDITEM(#2759,#557);
#2787=IFCMAPPEDITEM(#2759,#562);
#2788=IFCSHAPEREPRESENTATION(#5,'Body','MappedRepresentation',(#2760,#2761,#2762,#2763,#2764,#2765,#2766,#2767,#2768,#2769,#2770,#2771,#2772,#2773,#2774,#2775,#2776,#2777,#2778,#2779,#2780,#2781,#2782,#2783,#2784,#2785,#2786,#2787));
#2789=IFCCARTESIANPOINT((0.,0.,0.));
#2790=IFCAXIS2PLACEMENT3D(#2789,$,$);
#2791=IFCLOCALPLACEMENT($,#2790);
#2792=IFCPRODUCTDEFINITIONSHAPE($,$,(#2788));
#2793=IFCCOVERING('20YKG_X$L$wsDk1O8cYBxo',$,'coffer-ring-1-object',$,'coffers',#2791,#2792,$,$);
#2794=IFCPROPERTYSINGLEVALUE('archflow:bindings',$,IFCTEXT('coffer-binding'),$);
#2795=IFCPROPERTYSINGLEVALUE('archflow:commitments',$,IFCTEXT('commitment:preserve-monument-envelope'),$);
#2796=IFCPROPERTYSINGLEVALUE('archflow:component',$,IFCTEXT('coffers'),$);
#2797=IFCPROPERTYSINGLEVALUE('archflow:evidence',$,IFCTEXT('brief-claim:claim.occupancy'),$);
#2798=IFCPROPERTYSINGLEVALUE('archflow:producer_op',$,IFCTEXT('coffer-ring-1'),$);
#2799=IFCPROPERTYSINGLEVALUE('archflow:program_record',$,IFCTEXT('production-geometry-program-000-af61ca3f58bf56f618c219d1a6a3808afb6412b40dcc4fc560241630b7ff9f35.json'),$);
#2800=IFCPROPERTYSINGLEVALUE('archflow:proposal_digest',$,IFCTEXT('ccc08756031c37f195dedd8dae6bfc65f90b719ba6f72ce5fd6733ce2aed94d7'),$);
#2801=IFCPROPERTYSINGLEVALUE('archflow:proposal_id',$,IFCTEXT('monument-geometry-stage-3'),$);
#2802=IFCPROPERTYSET('2boeXhthd8n$yDhv6I_bW5',$,'Archflow_Semantics',$,(#2794,#2795,#2796,#2797,#2798,#2799,#2800,#2801));
#2803=IFCRELDEFINESBYPROPERTIES('0BiXD0j_t9xLyGTzgtRuOw',$,$,$,(#2793),#2802);
#2804=IFCSHAPEREPRESENTATION(#5,'Body','SweptSolid',(#569));
#2805=IFCCARTESIANPOINT((0.,0.,0.));
#2806=IFCAXIS2PLACEMENT3D(#2805,$,$);
#2807=IFCREPRESENTATIONMAP(#2806,#2804);
#2808=IFCMAPPEDITEM(#2807,#574);
#2809=IFCMAPPEDITEM(#2807,#579);
#2810=IFCMAPPEDITEM(#2807,#584);
#2811=IFCMAPPEDITEM(#2807,#589);
#2812=IFCMAPPEDITEM(#2807,#594);
#2813=IFCMAPPEDITEM(#2807,#599);
#2814=IFCMAPPEDITEM(#2807,#604);
#2815=IFCMAPPEDITEM(#2807,#609);
#2816=IFCMAPPEDITEM(#2807,#614);
#2817=IFCMAPPEDITEM(#2807,#619);
#2818=IFCMAPPEDITEM(#2807,#624);
#2819=IFCMAPPEDITEM(#2807,#629);
#2820=IFCMAPPEDITEM(#2807,#634);
#2821=IFCMAPPEDITEM(#2807,#639);
#2822=IFCMAPPEDITEM(#2807,#644);
#2823=IFCMAPPEDITEM(#2807,#649);
#2824=IFCMAPPEDITEM(#2807,#654);
#2825=IFCMAPPEDITEM(#2807,#659);
#2826=IFCMAPPEDITEM(#2807,#664);
#2827=IFCMAPPEDITEM(#2807,#669);
#2828=IFCMAPPEDITEM(#2807,#674);
#2829=IFCMAPPEDITEM(#2807,#679);
#2830=IFCMAPPEDITEM(#2807,#684);
#2831=IFCMAPPEDITEM(#2807,#689);
#2832=IFCMAPPEDITEM(#2807,#694);
#2833=IFCMAPPEDITEM(#2807,#699);
#2834=IFCMAPPEDITEM(#2807,#704);
#2835=IFCMAPPEDITEM(#2807,#709);
#2836=IFCSHAPEREPRESENTATION(#5,'Body','MappedRepresentation',(#2808,#2809,#2810,#2811,#2812,#2813,#2814,#2815,#2816,#2817,#2818,#2819,#2820,#2821,#2822,#2823,#2824,#2825,#2826,#2827,#2828,#2829,#2830,#2831,#2832,#2833,#2834,#2835));
#2837=IFCCARTESIANPOINT((0.,0.,0.));
#2838=IFCAXIS2PLACEMENT3D(#2837,$,$);
#2839=IFCLOCALPLACEMENT($,#2838);
#2840=IFCPRODUCTDEFINITIONSHAPE($,$,(#2836));
#2841=IFCCOVERING('3SvzOrbRGhI9zK4edbGFnT',$,'coffer-ring-2-object',$,'coffers',#2839,#2840,$,$);
#2842=IFCPROPERTYSINGLEVALUE('archflow:bindings',$,IFCTEXT('coffer-binding'),$);
#2843=IFCPROPERTYSINGLEVALUE('archflow:commitments',$,IFCTEXT('commitment:preserve-monument-envelope'),$);
#2844=IFCPROPERTYSINGLEVALUE('archflow:component',$,IFCTEXT('coffers'),$);
#2845=IFCPROPERTYSINGLEVALUE('archflow:evidence',$,IFCTEXT('brief-claim:claim.occupancy'),$);
#2846=IFCPROPERTYSINGLEVALUE('archflow:producer_op',$,IFCTEXT('coffer-ring-2'),$);
#2847=IFCPROPERTYSINGLEVALUE('archflow:program_record',$,IFCTEXT('production-geometry-program-000-af61ca3f58bf56f618c219d1a6a3808afb6412b40dcc4fc560241630b7ff9f35.json'),$);
#2848=IFCPROPERTYSINGLEVALUE('archflow:proposal_digest',$,IFCTEXT('ccc08756031c37f195dedd8dae6bfc65f90b719ba6f72ce5fd6733ce2aed94d7'),$);
#2849=IFCPROPERTYSINGLEVALUE('archflow:proposal_id',$,IFCTEXT('monument-geometry-stage-3'),$);
#2850=IFCPROPERTYSET('0um7z5cqXqS3h$np_Rg3T5',$,'Archflow_Semantics',$,(#2842,#2843,#2844,#2845,#2846,#2847,#2848,#2849));
#2851=IFCRELDEFINESBYPROPERTIES('3IuHw10BYOcqaZ5sDKV3VN',$,$,$,(#2841),#2850);
#2852=IFCSHAPEREPRESENTATION(#5,'Body','SweptSolid',(#716));
#2853=IFCCARTESIANPOINT((0.,0.,0.));
#2854=IFCAXIS2PLACEMENT3D(#2853,$,$);
#2855=IFCREPRESENTATIONMAP(#2854,#2852);
#2856=IFCMAPPEDITEM(#2855,#721);
#2857=IFCMAPPEDITEM(#2855,#726);
#2858=IFCMAPPEDITEM(#2855,#731);
#2859=IFCMAPPEDITEM(#2855,#736);
#2860=IFCMAPPEDITEM(#2855,#741);
#2861=IFCMAPPEDITEM(#2855,#746);
#2862=IFCMAPPEDITEM(#2855,#751);
#2863=IFCMAPPEDITEM(#2855,#756);
#2864=IFCMAPPEDITEM(#2855,#761);
#2865=IFCMAPPEDITEM(#2855,#766);
#2866=IFCMAPPEDITEM(#2855,#771);
#2867=IFCMAPPEDITEM(#2855,#776);
#2868=IFCMAPPEDITEM(#2855,#781);
#2869=IFCMAPPEDITEM(#2855,#786);
#2870=IFCMAPPEDITEM(#2855,#791);
#2871=IFCMAPPEDITEM(#2855,#796);
#2872=IFCMAPPEDITEM(#2855,#801);
#2873=IFCMAPPEDITEM(#2855,#806);
#2874=IFCMAPPEDITEM(#2855,#811);
#2875=IFCMAPPEDITEM(#2855,#816);
#2876=IFCMAPPEDITEM(#2855,#821);
#2877=IFCMAPPEDITEM(#2855,#826);
#2878=IFCMAPPEDITEM(#2855,#831);
#2879=IFCMAPPEDITEM(#2855,#836);
#2880=IFCMAPPEDITEM(#2855,#841);
#2881=IFCMAPPEDITEM(#2855,#846);
#2882=IFCMAPPEDITEM(#2855,#851);
#2883=IFCMAPPEDITEM(#2855,#856);
#2884=IFCSHAPEREPRESENTATION(#5,'Body','MappedRepresentation',(#2856,#2857,#2858,#2859,#2860,#2861,#2862,#2863,#2864,#2865,#2866,#2867,#2868,#2869,#2870,#2871,#2872,#2873,#2874,#2875,#2876,#2877,#2878,#2879,#2880,#2881,#2882,#2883));
#2885=IFCCARTESIANPOINT((0.,0.,0.));
#2886=IFCAXIS2PLACEMENT3D(#2885,$,$);
#2887=IFCLOCALPLACEMENT($,#2886);
#2888=IFCPRODUCTDEFINITIONSHAPE($,$,(#2884));
#2889=IFCCOVERING('0aSCI6cma4fdRd$gXczyZq',$,'coffer-ring-3-object',$,'coffers',#2887,#2888,$,$);
#2890=IFCPROPERTYSINGLEVALUE('archflow:bindings',$,IFCTEXT('coffer-binding'),$);
#2891=IFCPROPERTYSINGLEVALUE('archflow:commitments',$,IFCTEXT('commitment:preserve-monument-envelope'),$);
#2892=IFCPROPERTYSINGLEVALUE('archflow:component',$,IFCTEXT('coffers'),$);
#2893=IFCPROPERTYSINGLEVALUE('archflow:evidence',$,IFCTEXT('brief-claim:claim.occupancy'),$);
#2894=IFCPROPERTYSINGLEVALUE('archflow:producer_op',$,IFCTEXT('coffer-ring-3'),$);
#2895=IFCPROPERTYSINGLEVALUE('archflow:program_record',$,IFCTEXT('production-geometry-program-000-af61ca3f58bf56f618c219d1a6a3808afb6412b40dcc4fc560241630b7ff9f35.json'),$);
#2896=IFCPROPERTYSINGLEVALUE('archflow:proposal_digest',$,IFCTEXT('ccc08756031c37f195dedd8dae6bfc65f90b719ba6f72ce5fd6733ce2aed94d7'),$);
#2897=IFCPROPERTYSINGLEVALUE('archflow:proposal_id',$,IFCTEXT('monument-geometry-stage-3'),$);
#2898=IFCPROPERTYSET('0jmG$mR1PVYE1bMmQ4TosG',$,'Archflow_Semantics',$,(#2890,#2891,#2892,#2893,#2894,#2895,#2896,#2897));
#2899=IFCRELDEFINESBYPROPERTIES('1QeeOE2PAffhffmwHC3Wgi',$,$,$,(#2889),#2898);
#2900=IFCSHAPEREPRESENTATION(#5,'Body','SweptSolid',(#863));
#2901=IFCCARTESIANPOINT((0.,0.,0.));
#2902=IFCAXIS2PLACEMENT3D(#2901,$,$);
#2903=IFCREPRESENTATIONMAP(#2902,#2900);
#2904=IFCMAPPEDITEM(#2903,#868);
#2905=IFCMAPPEDITEM(#2903,#873);
#2906=IFCMAPPEDITEM(#2903,#878);
#2907=IFCMAPPEDITEM(#2903,#883);
#2908=IFCMAPPEDITEM(#2903,#888);
#2909=IFCMAPPEDITEM(#2903,#893);
#2910=IFCMAPPEDITEM(#2903,#898);
#2911=IFCMAPPEDITEM(#2903,#903);
#2912=IFCMAPPEDITEM(#2903,#908);
#2913=IFCMAPPEDITEM(#2903,#913);
#2914=IFCMAPPEDITEM(#2903,#918);
#2915=IFCMAPPEDITEM(#2903,#923);
#2916=IFCMAPPEDITEM(#2903,#928);
#2917=IFCMAPPEDITEM(#2903,#933);
#2918=IFCMAPPEDITEM(#2903,#938);
#2919=IFCMAPPEDITEM(#2903,#943);
#2920=IFCMAPPEDITEM(#2903,#948);
#2921=IFCMAPPEDITEM(#2903,#953);
#2922=IFCMAPPEDITEM(#2903,#958);
#2923=IFCMAPPEDITEM(#2903,#963);
#2924=IFCMAPPEDITEM(#2903,#968);
#2925=IFCMAPPEDITEM(#2903,#973);
#2926=IFCMAPPEDITEM(#2903,#978);
#2927=IFCMAPPEDITEM(#2903,#983);
#2928=IFCMAPPEDITEM(#2903,#988);
#2929=IFCMAPPEDITEM(#2903,#993);
#2930=IFCMAPPEDITEM(#2903,#998);
#2931=IFCMAPPEDITEM(#2903,#1003);
#2932=IFCSHAPEREPRESENTATION(#5,'Body','MappedRepresentation',(#2904,#2905,#2906,#2907,#2908,#2909,#2910,#2911,#2912,#2913,#2914,#2915,#2916,#2917,#2918,#2919,#2920,#2921,#2922,#2923,#2924,#2925,#2926,#2927,#2928,#2929,#2930,#2931));
#2933=IFCCARTESIANPOINT((0.,0.,0.));
#2934=IFCAXIS2PLACEMENT3D(#2933,$,$);
#2935=IFCLOCALPLACEMENT($,#2934);
#2936=IFCPRODUCTDEFINITIONSHAPE($,$,(#2932));
#2937=IFCCOVERING('3pwnn6tGeaoBzKvWtS2tqS',$,'coffer-ring-4-object',$,'coffers',#2935,#2936,$,$);
#2938=IFCPROPERTYSINGLEVALUE('archflow:bindings',$,IFCTEXT('coffer-binding'),$);
#2939=IFCPROPERTYSINGLEVALUE('archflow:commitments',$,IFCTEXT('commitment:preserve-monument-envelope'),$);
#2940=IFCPROPERTYSINGLEVALUE('archflow:component',$,IFCTEXT('coffers'),$);
#2941=IFCPROPERTYSINGLEVALUE('archflow:evidence',$,IFCTEXT('brief-claim:claim.occupancy'),$);
#2942=IFCPROPERTYSINGLEVALUE('archflow:producer_op',$,IFCTEXT('coffer-ring-4'),$);
#2943=IFCPROPERTYSINGLEVALUE('archflow:program_record',$,IFCTEXT('production-geometry-program-000-af61ca3f58bf56f618c219d1a6a3808afb6412b40dcc4fc560241630b7ff9f35.json'),$);
#2944=IFCPROPERTYSINGLEVALUE('archflow:proposal_digest',$,IFCTEXT('ccc08756031c37f195dedd8dae6bfc65f90b719ba6f72ce5fd6733ce2aed94d7'),$);
#2945=IFCPROPERTYSINGLEVALUE('archflow:proposal_id',$,IFCTEXT('monument-geometry-stage-3'),$);
#2946=IFCPROPERTYSET('0sXhPi5lpHaDIVY_iXmLds',$,'Archflow_Semantics',$,(#2938,#2939,#2940,#2941,#2942,#2943,#2944,#2945));
#2947=IFCRELDEFINESBYPROPERTIES('0s4U3Jz15fU2emqTdXvG2p',$,$,$,(#2937),#2946);
#2948=IFCSHAPEREPRESENTATION(#5,'Body','SweptSolid',(#1010));
#2949=IFCCARTESIANPOINT((0.,0.,0.));
#2950=IFCAXIS2PLACEMENT3D(#2949,$,$);
#2951=IFCREPRESENTATIONMAP(#2950,#2948);
#2952=IFCMAPPEDITEM(#2951,#1012);
#2953=IFCMAPPEDITEM(#2951,#1014);
#2954=IFCMAPPEDITEM(#2951,#1016);
#2955=IFCMAPPEDITEM(#2951,#1018);
#2956=IFCMAPPEDITEM(#2951,#1020);
#2957=IFCMAPPEDITEM(#2951,#1022);
#2958=IFCMAPPEDITEM(#2951,#1024);
#2959=IFCMAPPEDITEM(#2951,#1026);
#2960=IFCSHAPEREPRESENTATION(#5,'Body','MappedRepresentation',(#2952,#2953,#2954,#2955,#2956,#2957,#2958,#2959));
#2961=IFCCARTESIANPOINT((0.,0.,0.));
#2962=IFCAXIS2PLACEMENT3D(#2961,$,$);
#2963=IFCLOCALPLACEMENT($,#2962);
#2964=IFCPRODUCTDEFINITIONSHAPE($,$,(#2960));
#2965=IFCCOLUMN('2y17ulGxV91A0AsS75DqCY',$,'col-front-ring-object',$,'colonnade',#2963,#2964,$,$);
#2966=IFCPROPERTYSINGLEVALUE('archflow:bindings',$,IFCTEXT('colonnade-binding'),$);
#2967=IFCPROPERTYSINGLEVALUE('archflow:commitments',$,IFCTEXT('commitment:preserve-monument-envelope'),$);
#2968=IFCPROPERTYSINGLEVALUE('archflow:component',$,IFCTEXT('colonnade'),$);
#2969=IFCPROPERTYSINGLEVALUE('archflow:evidence',$,IFCTEXT('brief-claim:claim.occupancy'),$);
#2970=IFCPROPERTYSINGLEVALUE('archflow:producer_op',$,IFCTEXT('col-front-ring'),$);
#2971=IFCPROPERTYSINGLEVALUE('archflow:program_record',$,IFCTEXT('production-geometry-program-000-af61ca3f58bf56f618c219d1a6a3808afb6412b40dcc4fc560241630b7ff9f35.json'),$);
#2972=IFCPROPERTYSINGLEVALUE('archflow:proposal_digest',$,IFCTEXT('ccc08756031c37f195dedd8dae6bfc65f90b719ba6f72ce5fd6733ce2aed94d7'),$);
#2973=IFCPROPERTYSINGLEVALUE('archflow:proposal_id',$,IFCTEXT('monument-geometry-stage-3'),$);
#2974=IFCPROPERTYSET('2JNMjRy3utpCvYS$eBFHjv',$,'Archflow_Semantics',$,(#2966,#2967,#2968,#2969,#2970,#2971,#2972,#2973));
#2975=IFCRELDEFINESBYPROPERTIES('1Ren7ARq9aDAHkEWye0l12',$,$,$,(#2965),#2974);
#2976=IFCSHAPEREPRESENTATION(#5,'Body','SweptSolid',(#1033));
#2977=IFCCARTESIANPOINT((0.,0.,0.));
#2978=IFCAXIS2PLACEMENT3D(#2977,$,$);
#2979=IFCREPRESENTATIONMAP(#2978,#2976);
#2980=IFCMAPPEDITEM(#2979,#1035);
#2981=IFCMAPPEDITEM(#2979,#1037);
#2982=IFCMAPPEDITEM(#2979,#1039);
#2983=IFCMAPPEDITEM(#2979,#1041);
#2984=IFCMAPPEDITEM(#2979,#1043);
#2985=IFCMAPPEDITEM(#2979,#1045);
#2986=IFCMAPPEDITEM(#2979,#1047);
#2987=IFCMAPPEDITEM(#2979,#1049);
#2988=IFCSHAPEREPRESENTATION(#5,'Body','MappedRepresentation',(#2980,#2981,#2982,#2983,#2984,#2985,#2986,#2987));
#2989=IFCCARTESIANPOINT((0.,0.,0.));
#2990=IFCAXIS2PLACEMENT3D(#2989,$,$);
#2991=IFCLOCALPLACEMENT($,#2990);
#2992=IFCPRODUCTDEFINITIONSHAPE($,$,(#2988));
#2993=IFCCOLUMN('3KdxuCjpt580HgYfgPUFGt',$,'col-rear-ring-object',$,'colonnade',#2991,#2992,$,$);
#2994=IFCPROPERTYSINGLEVALUE('archflow:bindings',$,IFCTEXT('colonnade-binding'),$);
#2995=IFCPROPERTYSINGLEVALUE('archflow:commitments',$,IFCTEXT('commitment:preserve-monument-envelope'),$);
#2996=IFCPROPERTYSINGLEVALUE('archflow:component',$,IFCTEXT('colonnade'),$);
#2997=IFCPROPERTYSINGLEVALUE('archflow:evidence',$,IFCTEXT('brief-claim:claim.occupancy'),$);
#2998=IFCPROPERTYSINGLEVALUE('archflow:producer_op',$,IFCTEXT('col-rear-ring'),$);
#2999=IFCPROPERTYSINGLEVALUE('archflow:program_record',$,IFCTEXT('production-geometry-program-000-af61ca3f58bf56f618c219d1a6a3808afb6412b40dcc4fc560241630b7ff9f35.json'),$);
#3000=IFCPROPERTYSINGLEVALUE('archflow:proposal_digest',$,IFCTEXT('ccc08756031c37f195dedd8dae6bfc65f90b719ba6f72ce5fd6733ce2aed94d7'),$);
#3001=IFCPROPERTYSINGLEVALUE('archflow:proposal_id',$,IFCTEXT('monument-geometry-stage-3'),$);
#3002=IFCPROPERTYSET('355Cpqmz3AAzgQb0sb3uVT',$,'Archflow_Semantics',$,(#2994,#2995,#2996,#2997,#2998,#2999,#3000,#3001));
#3003=IFCRELDEFINESBYPROPERTIES('2_doWpf_wyatLa_o_yDa$Q',$,$,$,(#2993),#3002);
#3004=IFCSHAPEREPRESENTATION(#5,'Body','Brep',(#2073));
#3005=IFCCARTESIANPOINT((0.,0.,0.));
#3006=IFCAXIS2PLACEMENT3D(#3005,$,$);
#3007=IFCLOCALPLACEMENT($,#3006);
#3008=IFCPRODUCTDEFINITIONSHAPE($,$,(#3004));
#3009=IFCROOF('3LXYepkJjYSbykN3r8Vp82',$,'dome-shell-object',$,'dome',#3007,#3008,$,$);
#3010=IFCPROPERTYSINGLEVALUE('archflow:bindings',$,IFCTEXT('dome-binding'),$);
#3011=IFCPROPERTYSINGLEVALUE('archflow:commitments',$,IFCTEXT('commitment:preserve-monument-envelope'),$);
#3012=IFCPROPERTYSINGLEVALUE('archflow:component',$,IFCTEXT('dome'),$);
#3013=IFCPROPERTYSINGLEVALUE('archflow:evidence',$,IFCTEXT('brief-claim:claim.occupancy,project://p065-monument-derivation/runs/monument-001/records/selected-spatial-option-9649fd95b181010717a2549b02a64733150bbc69060ec7d56cb3ea0d5c2ce966.json'),$);
#3014=IFCPROPERTYSINGLEVALUE('archflow:producer_op',$,IFCTEXT('dome-shell'),$);
#3015=IFCPROPERTYSINGLEVALUE('archflow:program_record',$,IFCTEXT('production-geometry-program-000-af61ca3f58bf56f618c219d1a6a3808afb6412b40dcc4fc560241630b7ff9f35.json'),$);
#3016=IFCPROPERTYSINGLEVALUE('archflow:proposal_digest',$,IFCTEXT('ccc08756031c37f195dedd8dae6bfc65f90b719ba6f72ce5fd6733ce2aed94d7'),$);
#3017=IFCPROPERTYSINGLEVALUE('archflow:proposal_id',$,IFCTEXT('monument-geometry-stage-3'),$);
#3018=IFCPROPERTYSET('0N09ueJMkhrMUXWeDn9m0Y',$,'Archflow_Semantics',$,(#3010,#3011,#3012,#3013,#3014,#3015,#3016,#3017));
#3019=IFCRELDEFINESBYPROPERTIES('0mMuVG4CA0XvvxcxoXoAcP',$,$,$,(#3009),#3018);
#3020=IFCSHAPEREPRESENTATION(#5,'Body','CSG',(#2096));
#3021=IFCCARTESIANPOINT((0.,0.,0.));
#3022=IFCAXIS2PLACEMENT3D(#3021,$,$);
#3023=IFCLOCALPLACEMENT($,#3022);
#3024=IFCPRODUCTDEFINITIONSHAPE($,$,(#3020));
#3025=IFCWALL('1M0L4w7HZ7FbwLob8YIgy8',$,'drum-wall-object',$,'rotunda',#3023,#3024,$,$);
#3026=IFCPROPERTYSINGLEVALUE('archflow:bindings',$,IFCTEXT('rotunda-binding'),$);
#3027=IFCPROPERTYSINGLEVALUE('archflow:commitments',$,IFCTEXT('commitment:preserve-monument-envelope'),$);
#3028=IFCPROPERTYSINGLEVALUE('archflow:component',$,IFCTEXT('rotunda'),$);
#3029=IFCPROPERTYSINGLEVALUE('archflow:evidence',$,IFCTEXT('brief-claim:claim.occupancy,project://p065-monument-derivation/runs/monument-001/records/selected-spatial-option-9649fd95b181010717a2549b02a64733150bbc69060ec7d56cb3ea0d5c2ce966.json'),$);
#3030=IFCPROPERTYSINGLEVALUE('archflow:producer_op',$,IFCTEXT('drum-wall'),$);
#3031=IFCPROPERTYSINGLEVALUE('archflow:program_record',$,IFCTEXT('production-geometry-program-000-af61ca3f58bf56f618c219d1a6a3808afb6412b40dcc4fc560241630b7ff9f35.json'),$);
#3032=IFCPROPERTYSINGLEVALUE('archflow:proposal_digest',$,IFCTEXT('ccc08756031c37f195dedd8dae6bfc65f90b719ba6f72ce5fd6733ce2aed94d7'),$);
#3033=IFCPROPERTYSINGLEVALUE('archflow:proposal_id',$,IFCTEXT('monument-geometry-stage-3'),$);
#3034=IFCPROPERTYSET('1F_xLtONfzT_Mg8UV9OmTm',$,'Archflow_Semantics',$,(#3026,#3027,#3028,#3029,#3030,#3031,#3032,#3033));
#3035=IFCRELDEFINESBYPROPERTIES('0inB74UtfUlz5o$tVI4nnT',$,$,$,(#3025),#3034);
#3036=IFCSHAPEREPRESENTATION(#5,'Body','SweptSolid',(#2110));
#3037=IFCCARTESIANPOINT((0.,0.,0.));
#3038=IFCAXIS2PLACEMENT3D(#3037,$,$);
#3039=IFCLOCALPLACEMENT($,#3038);
#3040=IFCPRODUCTDEFINITIONSHAPE($,$,(#3036));
#3041=IFCWALL('2kKZK2xkhAixSlnykj8tFt',$,'plinth-object',$,'rotunda',#3039,#3040,$,$);
#3042=IFCPROPERTYSINGLEVALUE('archflow:bindings',$,IFCTEXT('rotunda-binding'),$);
#3043=IFCPROPERTYSINGLEVALUE('archflow:commitments',$,IFCTEXT('commitment:preserve-monument-envelope'),$);
#3044=IFCPROPERTYSINGLEVALUE('archflow:component',$,IFCTEXT('rotunda'),$);
#3045=IFCPROPERTYSINGLEVALUE('archflow:evidence',$,IFCTEXT('brief-claim:claim.occupancy,project://p065-monument-derivation/runs/monument-001/records/selected-spatial-option-9649fd95b181010717a2549b02a64733150bbc69060ec7d56cb3ea0d5c2ce966.json'),$);
#3046=IFCPROPERTYSINGLEVALUE('archflow:producer_op',$,IFCTEXT('plinth'),$);
#3047=IFCPROPERTYSINGLEVALUE('archflow:program_record',$,IFCTEXT('production-geometry-program-000-af61ca3f58bf56f618c219d1a6a3808afb6412b40dcc4fc560241630b7ff9f35.json'),$);
#3048=IFCPROPERTYSINGLEVALUE('archflow:proposal_digest',$,IFCTEXT('ccc08756031c37f195dedd8dae6bfc65f90b719ba6f72ce5fd6733ce2aed94d7'),$);
#3049=IFCPROPERTYSINGLEVALUE('archflow:proposal_id',$,IFCTEXT('monument-geometry-stage-3'),$);
#3050=IFCPROPERTYSET('3UhNkw0MQ7xEIkWw90UfR_',$,'Archflow_Semantics',$,(#3042,#3043,#3044,#3045,#3046,#3047,#3048,#3049));
#3051=IFCRELDEFINESBYPROPERTIES('2k8tI64qLastX2m4RhgFTU',$,$,$,(#3041),#3050);
#3052=IFCSHAPEREPRESENTATION(#5,'Body','SweptSolid',(#2117));
#3053=IFCCARTESIANPOINT((0.,0.,0.));
#3054=IFCAXIS2PLACEMENT3D(#3053,$,$);
#3055=IFCLOCALPLACEMENT($,#3054);
#3056=IFCPRODUCTDEFINITIONSHAPE($,$,(#3052));
#3057=IFCSLAB('1IUSvjEfBiKPie_11xr6Qu',$,'portico-mass-object',$,'portico',#3055,#3056,$,$);
#3058=IFCPROPERTYSINGLEVALUE('archflow:bindings',$,IFCTEXT('portico-binding'),$);
#3059=IFCPROPERTYSINGLEVALUE('archflow:commitments',$,IFCTEXT('commitment:preserve-monument-envelope'),$);
#3060=IFCPROPERTYSINGLEVALUE('archflow:component',$,IFCTEXT('portico'),$);
#3061=IFCPROPERTYSINGLEVALUE('archflow:evidence',$,IFCTEXT('brief-claim:claim.occupancy,project://p065-monument-derivation/runs/monument-001/records/selected-spatial-option-9649fd95b181010717a2549b02a64733150bbc69060ec7d56cb3ea0d5c2ce966.json'),$);
#3062=IFCPROPERTYSINGLEVALUE('archflow:producer_op',$,IFCTEXT('portico-mass'),$);
#3063=IFCPROPERTYSINGLEVALUE('archflow:program_record',$,IFCTEXT('production-geometry-program-000-af61ca3f58bf56f618c219d1a6a3808afb6412b40dcc4fc560241630b7ff9f35.json'),$);
#3064=IFCPROPERTYSINGLEVALUE('archflow:proposal_digest',$,IFCTEXT('ccc08756031c37f195dedd8dae6bfc65f90b719ba6f72ce5fd6733ce2aed94d7'),$);
#3065=IFCPROPERTYSINGLEVALUE('archflow:proposal_id',$,IFCTEXT('monument-geometry-stage-3'),$);
#3066=IFCPROPERTYSET('2GdJRq$IG09vr6v4y0dh6m',$,'Archflow_Semantics',$,(#3058,#3059,#3060,#3061,#3062,#3063,#3064,#3065));
#3067=IFCRELDEFINESBYPROPERTIES('2KGGhm5HhLCpkWxEUPavng',$,$,$,(#3057),#3066);
#3068=IFCSHAPEREPRESENTATION(#5,'Body','SweptSolid',(#2124));
#3069=IFCCARTESIANPOINT((0.,0.,0.));
#3070=IFCAXIS2PLACEMENT3D(#3069,$,$);
#3071=IFCREPRESENTATIONMAP(#3070,#3068);
#3072=IFCMAPPEDITEM(#3071,#2129);
#3073=IFCMAPPEDITEM(#3071,#2134);
#3074=IFCMAPPEDITEM(#3071,#2139);
#3075=IFCMAPPEDITEM(#3071,#2144);
#3076=IFCMAPPEDITEM(#3071,#2149);
#3077=IFCMAPPEDITEM(#3071,#2154);
#3078=IFCMAPPEDITEM(#3071,#2159);
#3079=IFCMAPPEDITEM(#3071,#2164);
#3080=IFCMAPPEDITEM(#3071,#2169);
#3081=IFCMAPPEDITEM(#3071,#2174);
#3082=IFCMAPPEDITEM(#3071,#2179);
#3083=IFCMAPPEDITEM(#3071,#2184);
#3084=IFCMAPPEDITEM(#3071,#2189);
#3085=IFCMAPPEDITEM(#3071,#2194);
#3086=IFCMAPPEDITEM(#3071,#2199);
#3087=IFCSHAPEREPRESENTATION(#5,'Body','MappedRepresentation',(#3072,#3073,#3074,#3075,#3076,#3077,#3078,#3079,#3080,#3081,#3082,#3083,#3084,#3085,#3086));
#3088=IFCCARTESIANPOINT((0.,0.,0.));
#3089=IFCAXIS2PLACEMENT3D(#3088,$,$);
#3090=IFCLOCALPLACEMENT($,#3089);
#3091=IFCPRODUCTDEFINITIONSHAPE($,$,(#3087));
#3092=IFCBUILDINGELEMENTPROXY('3vBieNNFevt7aTRkt0xcFm',$,'recess-ring-object',$,'recess-ring',#3090,#3091,$,$);
#3093=IFCPROPERTYSINGLEVALUE('archflow:bindings',$,IFCTEXT('recess-binding'),$);
#3094=IFCPROPERTYSINGLEVALUE('archflow:commitments',$,IFCTEXT('commitment:preserve-monument-envelope'),$);
#3095=IFCPROPERTYSINGLEVALUE('archflow:component',$,IFCTEXT('recess-ring'),$);
#3096=IFCPROPERTYSINGLEVALUE('archflow:evidence',$,IFCTEXT('brief-claim:claim.occupancy'),$);
#3097=IFCPROPERTYSINGLEVALUE('archflow:producer_op',$,IFCTEXT('recess-ring'),$);
#3098=IFCPROPERTYSINGLEVALUE('archflow:program_record',$,IFCTEXT('production-geometry-program-000-af61ca3f58bf56f618c219d1a6a3808afb6412b40dcc4fc560241630b7ff9f35.json'),$);
#3099=IFCPROPERTYSINGLEVALUE('archflow:proposal_digest',$,IFCTEXT('ccc08756031c37f195dedd8dae6bfc65f90b719ba6f72ce5fd6733ce2aed94d7'),$);
#3100=IFCPROPERTYSINGLEVALUE('archflow:proposal_id',$,IFCTEXT('monument-geometry-stage-3'),$);
#3101=IFCPROPERTYSET('1C$qbRTsuYlJOliIPg1jAj',$,'Archflow_Semantics',$,(#3093,#3094,#3095,#3096,#3097,#3098,#3099,#3100));
#3102=IFCRELDEFINESBYPROPERTIES('3MScLy4gstn0zhJLMGk2kf',$,$,$,(#3092),#3101);
#3103=IFCSHAPEREPRESENTATION(#5,'Body','SweptSolid',(#2206));
#3104=IFCCARTESIANPOINT((0.,0.,0.));
#3105=IFCAXIS2PLACEMENT3D(#3104,$,$);
#3106=IFCREPRESENTATIONMAP(#3105,#3103);
#3107=IFCMAPPEDITEM(#3106,#2211);
#3108=IFCMAPPEDITEM(#3106,#2216);
#3109=IFCMAPPEDITEM(#3106,#2221);
#3110=IFCMAPPEDITEM(#3106,#2226);
#3111=IFCMAPPEDITEM(#3106,#2231);
#3112=IFCMAPPEDITEM(#3106,#2236);
#3113=IFCMAPPEDITEM(#3106,#2241);
#3114=IFCMAPPEDITEM(#3106,#2246);
#3115=IFCMAPPEDITEM(#3106,#2251);
#3116=IFCMAPPEDITEM(#3106,#2256);
#3117=IFCMAPPEDITEM(#3106,#2261);
#3118=IFCMAPPEDITEM(#3106,#2266);
#3119=IFCMAPPEDITEM(#3106,#2271);
#3120=IFCMAPPEDITEM(#3106,#2276);
#3121=IFCMAPPEDITEM(#3106,#2281);
#3122=IFCMAPPEDITEM(#3106,#2286);
#3123=IFCMAPPEDITEM(#3106,#2291);
#3124=IFCMAPPEDITEM(#3106,#2296);
#3125=IFCMAPPEDITEM(#3106,#2301);
#3126=IFCMAPPEDITEM(#3106,#2306);
#3127=IFCMAPPEDITEM(#3106,#2311);
#3128=IFCMAPPEDITEM(#3106,#2316);
#3129=IFCMAPPEDITEM(#3106,#2321);
#3130=IFCMAPPEDITEM(#3106,#2326);
#3131=IFCMAPPEDITEM(#3106,#2331);
#3132=IFCMAPPEDITEM(#3106,#2336);
#3133=IFCMAPPEDITEM(#3106,#2341);
#3134=IFCMAPPEDITEM(#3106,#2346);
#3135=IFCMAPPEDITEM(#3106,#2351);
#3136=IFCMAPPEDITEM(#3106,#2356);
#3137=IFCMAPPEDITEM(#3106,#2361);
#3138=IFCMAPPEDITEM(#3106,#2366);
#3139=IFCMAPPEDITEM(#3106,#2371);
#3140=IFCMAPPEDITEM(#3106,#2376);
#3141=IFCMAPPEDITEM(#3106,#2381);
#3142=IFCMAPPEDITEM(#3106,#2386);
#3143=IFCMAPPEDITEM(#3106,#2391);
#3144=IFCMAPPEDITEM(#3106,#2396);
#3145=IFCMAPPEDITEM(#3106,#2401);
#3146=IFCMAPPEDITEM(#3106,#2406);
#3147=IFCMAPPEDITEM(#3106,#2411);
#3148=IFCMAPPEDITEM(#3106,#2416);
#3149=IFCMAPPEDITEM(#3106,#2421);
#3150=IFCMAPPEDITEM(#3106,#2426);
#3151=IFCMAPPEDITEM(#3106,#2431);
#3152=IFCMAPPEDITEM(#3106,#2436);
#3153=IFCMAPPEDITEM(#3106,#2441);
#3154=IFCMAPPEDITEM(#3106,#2446);
#3155=IFCMAPPEDITEM(#3106,#2451);
#3156=IFCMAPPEDITEM(#3106,#2456);
#3157=IFCMAPPEDITEM(#3106,#2461);
#3158=IFCMAPPEDITEM(#3106,#2466);
#3159=IFCMAPPEDITEM(#3106,#2471);
#3160=IFCMAPPEDITEM(#3106,#2476);
#3161=IFCMAPPEDITEM(#3106,#2481);
#3162=IFCMAPPEDITEM(#3106,#2486);
#3163=IFCMAPPEDITEM(#3106,#2491);
#3164=IFCMAPPEDITEM(#3106,#2496);
#3165=IFCMAPPEDITEM(#3106,#2501);
#3166=IFCMAPPEDITEM(#3106,#2506);
#3167=IFCMAPPEDITEM(#3106,#2511);
#3168=IFCMAPPEDITEM(#3106,#2516);
#3169=IFCMAPPEDITEM(#3106,#2521);
#3170=IFCMAPPEDITEM(#3106,#2526);
#3171=IFCMAPPEDITEM(#3106,#2531);
#3172=IFCMAPPEDITEM(#3106,#2536);
#3173=IFCMAPPEDITEM(#3106,#2541);
#3174=IFCMAPPEDITEM(#3106,#2546);
#3175=IFCMAPPEDITEM(#3106,#2551);
#3176=IFCMAPPEDITEM(#3106,#2556);
#3177=IFCMAPPEDITEM(#3106,#2561);
#3178=IFCMAPPEDITEM(#3106,#2566);
#3179=IFCSHAPEREPRESENTATION(#5,'Body','MappedRepresentation',(#3107,#3108,#3109,#3110,#3111,#3112,#3113,#3114,#3115,#3116,#3117,#3118,#3119,#3120,#3121,#3122,#3123,#3124,#3125,#3126,#3127,#3128,#3129,#3130,#3131,#3132,#3133,#3134,#3135,#3136,#3137,#3138,#3139,#3140,#3141,#3142,#3143,#3144,#3145,#3146,#3147,#3148,#3149,#3150,#3151,#3152,#3153,#3154,#3155,#3156,#3157,#3158,#3159,#3160,#3161,#3162,#3163,#3164,#3165,#3166,#3167,#3168,#3169,#3170,#3171,#3172,#3173,#3174,#3175,#3176,#3177,#3178));
#3180=IFCCARTESIANPOINT((0.,0.,0.));
#3181=IFCAXIS2PLACEMENT3D(#3180,$,$);
#3182=IFCLOCALPLACEMENT($,#3181);
#3183=IFCPRODUCTDEFINITIONSHAPE($,$,(#3179));
#3184=IFCBUILDINGELEMENTPROXY('3AUPDiy8gSV1tAFKZlZLz$',$,'statuary-ring-object',$,'statuary-ring',#3182,#3183,$,$);
#3185=IFCPROPERTYSINGLEVALUE('archflow:bindings',$,IFCTEXT('statuary-binding'),$);
#3186=IFCPROPERTYSINGLEVALUE('archflow:commitments',$,IFCTEXT('commitment:preserve-monument-envelope'),$);
#3187=IFCPROPERTYSINGLEVALUE('archflow:component',$,IFCTEXT('statuary-ring'),$);
#3188=IFCPROPERTYSINGLEVALUE('archflow:evidence',$,IFCTEXT('brief-claim:claim.occupancy'),$);
#3189=IFCPROPERTYSINGLEVALUE('archflow:producer_op',$,IFCTEXT('statuary-ring'),$);
#3190=IFCPROPERTYSINGLEVALUE('archflow:program_record',$,IFCTEXT('production-geometry-program-000-af61ca3f58bf56f618c219d1a6a3808afb6412b40dcc4fc560241630b7ff9f35.json'),$);
#3191=IFCPROPERTYSINGLEVALUE('archflow:proposal_digest',$,IFCTEXT('ccc08756031c37f195dedd8dae6bfc65f90b719ba6f72ce5fd6733ce2aed94d7'),$);
#3192=IFCPROPERTYSINGLEVALUE('archflow:proposal_id',$,IFCTEXT('monument-geometry-stage-3'),$);
#3193=IFCPROPERTYSET('3f5SnEcXokaJ4_eUgzy762',$,'Archflow_Semantics',$,(#3185,#3186,#3187,#3188,#3189,#3190,#3191,#3192));
#3194=IFCRELDEFINESBYPROPERTIES('2XmzbQ3twKaTp4bhtmFCQ_',$,$,$,(#3184),#3193);
#3195=IFCRELCONTAINEDINSPATIALSTRUCTURE('3eHiSOCWIqk_jA5VsuqbXA',$,$,$,(#2612,#2641,#2669,#2697,#2745,#2793,#2841,#2889,#2937,#2965,#2993,#3009,#3025,#3041,#3057,#3092,#3184),#8);
ENDSEC;
END-ISO-10303-21;
